time,load_shortfall_3h
2018-01-01 00:00:00,8298.16448808766
2018-01-01 03:00:00,6133.182614761655
2018-01-01 06:00:00,12565.950804142136
2018-01-01 09:00:00,9382.14757957919
2018-01-01 12:00:00,4142.291945564078
2018-01-01 15:00:00,4253.200688729959
2018-01-01 18:00:00,12315.839654257115
2018-01-01 21:00:00,13714.020879396025
2018-01-02 00:00:00,8336.761673527624
2018-01-02 03:00:00,14873.444311944519
2018-01-02 06:00:00,8033.34057538222
2018-01-02 09:00:00,5470.082273507512
2018-01-02 12:00:00,14986.548176725268
2018-01-02 15:00:00,13316.864231646194
2018-01-02 18:00:00,10748.96870779213
2018-01-02 21:00:00,9619.88469029011
2018-01-03 00:00:00,5704.9145352029345
2018-01-03 03:00:00,8143.22234126723
2018-01-03 06:00:00,3454.7283719551733
2018-01-03 09:00:00,12708.239145018379
2018-01-03 12:00:00,6039.539312108701
2018-01-03 15:00:00,16111.016124674832
2018-01-03 18:00:00,15716.614061795734
2018-01-03 21:00:00,15182.140832864789
2018-01-04 00:00:00,1602.7082520106014
2018-01-04 03:00:00,13676.174602926447
2018-01-04 06:00:00,14984.771012983423
2018-01-04 09:00:00,-2869.818281818796
2018-01-04 12:00:00,11404.715186333702
2018-01-04 15:00:00,6524.221317201007
2018-01-04 18:00:00,8786.744612167604
2018-01-04 21:00:00,10713.471785682097
2018-01-05 00:00:00,9409.840794212818
2018-01-05 03:00:00,5559.080469007927
2018-01-05 06:00:00,14094.92157772712
2018-01-05 09:00:00,13432.151320988149
2018-01-05 12:00:00,4623.21763793328
2018-01-05 15:00:00,11295.637133612516
2018-01-05 18:00:00,13352.633707048386
2018-01-05 21:00:00,5155.380516828472
2018-01-06 00:00:00,10237.11589642335
2018-01-06 03:00:00,7716.079065340758
2018-01-06 06:00:00,7415.330928960424
2018-01-06 09:00:00,12257.670392828379
2018-01-06 12:00:00,9836.10075182884
2018-01-06 15:00:00,9232.013781775146
2018-01-06 18:00:00,5371.361379363198
2018-01-06 21:00:00,14437.808491524716
2018-01-07 00:00:00,6359.701132595617
2018-01-07 03:00:00,9154.350403987944
2018-01-07 06:00:00,11553.244400779973
2018-01-07 09:00:00,8095.488962304224
2018-01-07 12:00:00,10691.420395132005
2018-01-07 15:00:00,14791.157442544036
2018-01-07 18:00:00,15861.81708713679
2018-01-07 21:00:00,13543.855750576466
2018-01-08 00:00:00,17212.002190041294
2018-01-08 03:00:00,10249.11378409753
2018-01-08 06:00:00,12695.529232405564
2018-01-08 09:00:00,15841.840761089119
2018-01-08 12:00:00,14345.12541584679
2018-01-08 15:00:00,7095.713773750642
2018-01-08 18:00:00,13978.78298954618
2018-01-08 21:00:00,15356.814205820983
2018-01-09 00:00:00,7288.63159837447
2018-01-09 03:00:00,6865.818076066701
2018-01-09 06:00:00,5414.301834097323
2018-01-09 09:00:00,7495.573391330791
2018-01-09 12:00:00,13663.405471619648
2018-01-09 15:00:00,7381.268765288004
2018-01-09 18:00:00,13066.779969661215
2018-01-09 21:00:00,8410.399243290489
2018-01-10 00:00:00,13783.459928575014
2018-01-10 03:00:00,9771.17792227961
2018-01-10 06:00:00,5369.0988984353635
2018-01-10 09:00:00,12382.89703266549
2018-01-10 12:00:00,12271.10632146653
2018-01-10 15:00:00,15470.961616776207
2018-01-10 18:00:00,3059.232611333761
2018-01-10 21:00:00,2275.344671111995
2018-01-11 00:00:00,6551.7419732216495
2018-01-11 03:00:00,3199.596629641467
2018-01-11 06:00:00,8104.438919941382
2018-01-11 09:00:00,13170.44973101652
2018-01-11 12:00:00,3085.3093898366237
2018-01-11 15:00:00,10823.185031397872
2018-01-11 18:00:00,12281.91691411252
2018-01-11 21:00:00,13677.874232338072
2018-01-12 00:00:00,13121.055036620837
2018-01-12 03:00:00,9652.318598099504
2018-01-12 06:00:00,5725.902160172739
2018-01-12 09:00:00,14806.865441566792
2018-01-12 12:00:00,9770.293630055141
2018-01-12 15:00:00,9158.735785937875
2018-01-12 18:00:00,3237.6509390518318
2018-01-12 21:00:00,12864.230229078914
2018-01-13 00:00:00,10979.633381417903
2018-01-13 03:00:00,11572.077090605508
2018-01-13 06:00:00,8048.750100678695
2018-01-13 09:00:00,14136.986930670391
2018-01-13 12:00:00,10520.023567538703
2018-01-13 15:00:00,12321.424491335983
2018-01-13 18:00:00,5581.484770695577
2018-01-13 21:00:00,6712.424737455871
2018-01-14 00:00:00,10323.686778380927
2018-01-14 03:00:00,10366.525951452151
2018-01-14 06:00:00,7935.3182086009465
2018-01-14 09:00:00,11654.793516517184
2018-01-14 12:00:00,3520.349045204537
2018-01-14 15:00:00,10428.565014268584
2018-01-14 18:00:00,3079.1431787245065
2018-01-14 21:00:00,7479.965449280748
2018-01-15 00:00:00,2933.7362097801597
2018-01-15 03:00:00,10091.814149710082
2018-01-15 06:00:00,9746.951970776461
2018-01-15 09:00:00,13553.497514664046
2018-01-15 12:00:00,14054.16220779708
2018-01-15 15:00:00,8932.193258446603
2018-01-15 18:00:00,10269.719768872137
2018-01-15 21:00:00,15334.123244057297
2018-01-16 00:00:00,8346.372130751079
2018-01-16 03:00:00,14827.825171732295
2018-01-16 06:00:00,7355.288424775772
2018-01-16 09:00:00,18750.553544916293
2018-01-16 12:00:00,12068.262327751476
2018-01-16 15:00:00,7859.931802608777
2018-01-16 18:00:00,5887.329508474443
2018-01-16 21:00:00,6621.577156214164
2018-01-17 00:00:00,11778.421705526127
2018-01-17 03:00:00,9197.644011492204
2018-01-17 06:00:00,8694.872773122073
2018-01-17 09:00:00,15231.635863571637
2018-01-17 12:00:00,8299.065711969859
2018-01-17 15:00:00,6540.036294875934
2018-01-17 18:00:00,6280.295509151204
2018-01-17 21:00:00,9037.035955450276
2018-01-18 00:00:00,3432.3696831324846
2018-01-18 03:00:00,13660.083144286438
2018-01-18 06:00:00,11218.605254008082
2018-01-18 09:00:00,9939.166977809584
2018-01-18 12:00:00,16173.60604761481
2018-01-18 15:00:00,15127.712756119561
2018-01-18 18:00:00,8858.495343205916
2018-01-18 21:00:00,16419.723346817143
2018-01-19 00:00:00,14839.793760947892
2018-01-19 03:00:00,7474.374092662031
2018-01-19 06:00:00,16026.92710795508
2018-01-19 09:00:00,15074.080822632104
2018-01-19 12:00:00,13373.379467829176
2018-01-19 15:00:00,13298.98350212828
2018-01-19 18:00:00,13082.06355163969
2018-01-19 21:00:00,13874.214248692562
2018-01-20 00:00:00,10366.749143059871
2018-01-20 03:00:00,8159.964658183804
2018-01-20 06:00:00,15055.290903044332
2018-01-20 09:00:00,780.1942658395677
2018-01-20 12:00:00,11791.400183295076
2018-01-20 15:00:00,6041.18269866145
2018-01-20 18:00:00,11859.741217633054
2018-01-20 21:00:00,10450.267316532787
2018-01-21 00:00:00,6007.664977986719
2018-01-21 03:00:00,9381.957689679377
2018-01-21 06:00:00,5059.852499266104
2018-01-21 09:00:00,14157.75974771678
2018-01-21 12:00:00,11429.10400951061
2018-01-21 15:00:00,15080.36845279083
2018-01-21 18:00:00,3069.2517626170365
2018-01-21 21:00:00,14129.834404929632
2018-01-22 00:00:00,13314.748886860292
2018-01-22 03:00:00,14292.596511574051
2018-01-22 06:00:00,1795.0030495503358
2018-01-22 09:00:00,14447.326231057994
2018-01-22 12:00:00,14514.435753603
2018-01-22 15:00:00,14822.396486581
2018-01-22 18:00:00,14776.190654152078
2018-01-22 21:00:00,15369.264024872215
2018-01-23 00:00:00,13716.133849214382
2018-01-23 03:00:00,17259.63852993832
2018-01-23 06:00:00,9351.065877375711
2018-01-23 09:00:00,7196.379261983508
2018-01-23 12:00:00,12782.305906520907
2018-01-23 15:00:00,10446.267918935986
2018-01-23 18:00:00,14834.320125753287
2018-01-23 21:00:00,10166.314235429041
2018-01-24 00:00:00,8258.122174101816
2018-01-24 03:00:00,4948.990951746435
2018-01-24 06:00:00,8479.434076601987
2018-01-24 09:00:00,10729.021215388195
2018-01-24 12:00:00,14479.306844136183
2018-01-24 15:00:00,6328.932167528779
2018-01-24 18:00:00,6677.414834224046
2018-01-24 21:00:00,10976.400683428945
2018-01-25 00:00:00,10583.905187595077
2018-01-25 03:00:00,13741.34021210888
2018-01-25 06:00:00,10294.648878713591
2018-01-25 09:00:00,17027.67316471133
2018-01-25 12:00:00,15010.43102261946
2018-01-25 15:00:00,15360.97683486389
2018-01-25 18:00:00,8559.091785206769
2018-01-25 21:00:00,9617.592556516744
2018-01-26 00:00:00,10684.32450664371
2018-01-26 03:00:00,9712.017999155238
2018-01-26 06:00:00,10074.303710660179
2018-01-26 09:00:00,13996.337987616282
2018-01-26 12:00:00,14372.325788852737
2018-01-26 15:00:00,15334.08875825506
2018-01-26 18:00:00,13631.001565865525
2018-01-26 21:00:00,11853.833880203209
2018-01-27 00:00:00,16365.815585737151
2018-01-27 03:00:00,6060.477816177187
2018-01-27 06:00:00,13560.980646218926
2018-01-27 09:00:00,13511.283470548176
2018-01-27 12:00:00,13748.028696064277
2018-01-27 15:00:00,4223.7488393080885
2018-01-27 18:00:00,10141.995961298358
2018-01-27 21:00:00,7321.735859553889
2018-01-28 00:00:00,5068.428928214829
2018-01-28 03:00:00,6034.679097572129
2018-01-28 06:00:00,9811.065650462522
2018-01-28 09:00:00,13238.376864070988
2018-01-28 12:00:00,15553.496002014419
2018-01-28 15:00:00,11051.621088424996
2018-01-28 18:00:00,10418.654035030986
2018-01-28 21:00:00,14665.741501447348
2018-01-29 00:00:00,7264.036802957142
2018-01-29 03:00:00,14819.262956899616
2018-01-29 06:00:00,14159.775179043914
2018-01-29 09:00:00,14973.41449189184
2018-01-29 12:00:00,15246.29033848542
2018-01-29 15:00:00,15085.314812077399
2018-01-29 18:00:00,12675.678511926939
2018-01-29 21:00:00,8924.524422919598
2018-01-30 00:00:00,8326.8182222458
2018-01-30 03:00:00,13907.433902127148
2018-01-30 06:00:00,14710.33383799366
2018-01-30 09:00:00,14693.96114883454
2018-01-30 12:00:00,12203.645752749426
2018-01-30 15:00:00,4918.468323147822
2018-01-30 18:00:00,3494.579439807607
2018-01-30 21:00:00,5718.775459803776
2018-01-31 00:00:00,13618.750429502215
2018-01-31 03:00:00,14865.319270730824
2018-01-31 06:00:00,10154.525012639513
2018-01-31 09:00:00,16009.410265568158
2018-01-31 12:00:00,12812.319574142804
2018-01-31 15:00:00,13936.807168725181
2018-01-31 18:00:00,8999.508962114953
2018-01-31 21:00:00,5504.593318677171
2018-02-01 00:00:00,15272.856704097561
2018-02-01 03:00:00,9281.074757507404
2018-02-01 06:00:00,7267.80490172457
2018-02-01 09:00:00,15982.9856991119
2018-02-01 12:00:00,6331.662158080746
2018-02-01 15:00:00,7057.2483961523985
2018-02-01 18:00:00,11802.461447893205
2018-02-01 21:00:00,15457.931774053153
2018-02-02 00:00:00,11846.661397443078
2018-02-02 03:00:00,2421.3015174802667
2018-02-02 06:00:00,10978.321217436225
2018-02-02 09:00:00,7462.831611295388
2018-02-02 12:00:00,5999.602624241015
2018-02-02 15:00:00,11868.611899589478
2018-02-02 18:00:00,19854.912222097602
2018-02-02 21:00:00,13614.254548050412
2018-02-03 00:00:00,4317.581943294435
2018-02-03 03:00:00,13794.529933734699
2018-02-03 06:00:00,3435.837429366967
2018-02-03 09:00:00,13201.778948279545
2018-02-03 12:00:00,12248.82582876008
2018-02-03 15:00:00,9410.951489517765
2018-02-03 18:00:00,1769.1982400764314
2018-02-03 21:00:00,13297.448068310992
2018-02-04 00:00:00,7309.977700948766
2018-02-04 03:00:00,6117.776950811969
2018-02-04 06:00:00,15558.961458547059
2018-02-04 09:00:00,3782.1397337014555
2018-02-04 12:00:00,14801.090016268554
2018-02-04 15:00:00,10016.853905852306
2018-02-04 18:00:00,15366.878275151244
2018-02-04 21:00:00,14649.978007662905
2018-02-05 00:00:00,10845.65646368118
2018-02-05 03:00:00,12140.936691077906
2018-02-05 06:00:00,12020.443608886488
2018-02-05 09:00:00,8004.061485609715
2018-02-05 12:00:00,13370.522118013963
2018-02-05 15:00:00,6520.0162869135
2018-02-05 18:00:00,12435.635970681069
2018-02-05 21:00:00,14862.322509086827
2018-02-06 00:00:00,15334.960049099926
2018-02-06 03:00:00,15976.26872209497
2018-02-06 06:00:00,15097.9756834504
2018-02-06 09:00:00,14510.280118770099
2018-02-06 12:00:00,8329.587326946563
2018-02-06 15:00:00,6901.1303936093345
2018-02-06 18:00:00,16569.084516378964
2018-02-06 21:00:00,7174.70909501631
2018-02-07 00:00:00,9877.261505512655
2018-02-07 03:00:00,13046.261366947774
2018-02-07 06:00:00,14337.534559337062
2018-02-07 09:00:00,7515.192070266946
2018-02-07 12:00:00,4833.3210296314965
2018-02-07 15:00:00,1656.791265728237
2018-02-07 18:00:00,10509.497580551371
2018-02-07 21:00:00,13016.382544277301
2018-02-08 00:00:00,13386.513242844601
2018-02-08 03:00:00,3962.101896099527
2018-02-08 06:00:00,11663.679998016656
2018-02-08 09:00:00,8800.238527414707
2018-02-08 12:00:00,6236.588303536739
2018-02-08 15:00:00,11769.177107558686
2018-02-08 18:00:00,13799.40351763208
2018-02-08 21:00:00,-313.99402821666797
2018-02-09 00:00:00,8889.954106983976
2018-02-09 03:00:00,13278.182292613648
2018-02-09 06:00:00,9919.971971415756
2018-02-09 09:00:00,9137.15531003412
2018-02-09 12:00:00,13262.839007434892
2018-02-09 15:00:00,10355.274939811321
2018-02-09 18:00:00,14934.204076600172
2018-02-09 21:00:00,14682.43366372613
2018-02-10 00:00:00,8140.444884912787
2018-02-10 03:00:00,11028.828398204734
2018-02-10 06:00:00,7866.510937074847
2018-02-10 09:00:00,10967.82265379216
2018-02-10 12:00:00,15877.121456835583
2018-02-10 15:00:00,536.1455260736803
2018-02-10 18:00:00,14799.690836772521
2018-02-10 21:00:00,9347.412976749772
2018-02-11 00:00:00,17402.271964444943
2018-02-11 03:00:00,1911.7056413797457
2018-02-11 06:00:00,6594.913117610568
2018-02-11 09:00:00,14554.353369266822
2018-02-11 12:00:00,13994.258189353646
2018-02-11 15:00:00,14722.753697424305
2018-02-11 18:00:00,7198.435563399511
2018-02-11 21:00:00,14178.822223418414
2018-02-12 00:00:00,10151.050607404508
2018-02-12 03:00:00,12585.691115503992
2018-02-12 06:00:00,11379.497712143953
2018-02-12 09:00:00,13620.332794333868
2018-02-12 12:00:00,9312.694999781963
2018-02-12 15:00:00,11143.282376260171
2018-02-12 18:00:00,6373.607292323823
2018-02-12 21:00:00,10137.641123633677
2018-02-13 00:00:00,7002.253389224291
2018-02-13 03:00:00,7134.447774891275
2018-02-13 06:00:00,1311.759695883894
2018-02-13 09:00:00,8249.067046506985
2018-02-13 12:00:00,16065.381123150584
2018-02-13 15:00:00,9106.68717427181
2018-02-13 18:00:00,1152.864506168397
2018-02-13 21:00:00,11492.240486963741
2018-02-14 00:00:00,6847.518094006994
2018-02-14 03:00:00,10701.17604912716
2018-02-14 06:00:00,12902.50874774095
2018-02-14 09:00:00,11137.74683665993
2018-02-14 12:00:00,12357.463771627752
2018-02-14 15:00:00,13220.951410219468
2018-02-14 18:00:00,13213.270743431527
2018-02-14 21:00:00,13083.950846713495
2018-02-15 00:00:00,14073.582560865203
2018-02-15 03:00:00,10031.113570797903
2018-02-15 06:00:00,5806.810967108801
2018-02-15 09:00:00,15374.091231792288
2018-02-15 12:00:00,6195.031825295723
2018-02-15 15:00:00,7816.311306927087
2018-02-15 18:00:00,8743.24155411407
2018-02-15 21:00:00,15830.435750564542
2018-02-16 00:00:00,12890.142519016406
2018-02-16 03:00:00,8924.906238759893
2018-02-16 06:00:00,11426.551077328846
2018-02-16 09:00:00,15300.21213446423
2018-02-16 12:00:00,10290.40300378438
2018-02-16 15:00:00,9392.371160009925
2018-02-16 18:00:00,14045.098831302983
2018-02-16 21:00:00,12185.492957647439
2018-02-17 00:00:00,7077.5618873479425
2018-02-17 03:00:00,13740.359536045833
2018-02-17 06:00:00,10647.906530472275
2018-02-17 09:00:00,14860.106187649524
2018-02-17 12:00:00,8770.109473541943
2018-02-17 15:00:00,12536.037149600306
2018-02-17 18:00:00,13637.258115871684
2018-02-17 21:00:00,9693.052284755666
2018-02-18 00:00:00,13655.933838429637
2018-02-18 03:00:00,7384.604100262939
2018-02-18 06:00:00,12933.411576170125
2018-02-18 09:00:00,12256.487019409245
2018-02-18 12:00:00,10902.074037661761
2018-02-18 15:00:00,13626.490944375213
2018-02-18 18:00:00,9203.861466643466
2018-02-18 21:00:00,10289.455964709616
2018-02-19 00:00:00,10680.170731824668
2018-02-19 03:00:00,-500.98895233311697
2018-02-19 06:00:00,15086.221847644723
2018-02-19 09:00:00,7580.517608620127
2018-02-19 12:00:00,13560.320994994063
2018-02-19 15:00:00,8730.508707814357
2018-02-19 18:00:00,13394.323346354917
2018-02-19 21:00:00,6751.915781752472
2018-02-20 00:00:00,9076.23227948861
2018-02-20 03:00:00,6189.5263421105
2018-02-20 06:00:00,11473.49162258543
2018-02-20 09:00:00,5174.864111931047
2018-02-20 12:00:00,18968.191010441227
2018-02-20 15:00:00,9165.594933098739
2018-02-20 18:00:00,14830.436665405368
2018-02-20 21:00:00,14668.07441681192
2018-02-21 00:00:00,1979.013073775941
2018-02-21 03:00:00,7870.308449065482
2018-02-21 06:00:00,15789.294626561239
2018-02-21 09:00:00,12363.144086290355
2018-02-21 12:00:00,9054.431089039681
2018-02-21 15:00:00,7735.400510986869
2018-02-21 18:00:00,4914.571725099089
2018-02-21 21:00:00,11870.00653192483
2018-02-22 00:00:00,7781.937992868483
2018-02-22 03:00:00,7612.492695130556
2018-02-22 06:00:00,4414.563717183112
2018-02-22 09:00:00,10537.33407888517
2018-02-22 12:00:00,17033.448161145185
2018-02-22 15:00:00,4827.444899333528
2018-02-22 18:00:00,14926.394713409614
2018-02-22 21:00:00,6053.958634279602
2018-02-23 00:00:00,11569.449165228085
2018-02-23 03:00:00,4565.882465431278
2018-02-23 06:00:00,15017.828075724614
2018-02-23 09:00:00,7088.224961679678
2018-02-23 12:00:00,14461.917635247719
2018-02-23 15:00:00,7849.623267158296
2018-02-23 18:00:00,6184.342683668217
2018-02-23 21:00:00,11003.462372014712
2018-02-24 00:00:00,11364.422264077964
2018-02-24 03:00:00,6167.804209152858
2018-02-24 06:00:00,5268.0648217891485
2018-02-24 09:00:00,12486.323538012459
2018-02-24 12:00:00,13148.279394410469
2018-02-24 15:00:00,14256.39537227058
2018-02-24 18:00:00,9564.091887528797
2018-02-24 21:00:00,11057.075427729047
2018-02-25 00:00:00,13317.225605023206
2018-02-25 03:00:00,13523.301342593757
2018-02-25 06:00:00,9017.387174802423
2018-02-25 09:00:00,16891.110848764132
2018-02-25 12:00:00,13992.050760760927
2018-02-25 15:00:00,12242.927417171131
2018-02-25 18:00:00,11176.852695831549
2018-02-25 21:00:00,14394.556467516573
2018-02-26 00:00:00,7335.809117702724
2018-02-26 03:00:00,10245.913342865111
2018-02-26 06:00:00,15233.433564852705
2018-02-26 09:00:00,12065.06019387458
2018-02-26 12:00:00,14591.851391805185
2018-02-26 15:00:00,1270.6509755344368
2018-02-26 18:00:00,12149.489454909324
2018-02-26 21:00:00,16983.269792211966
2018-02-27 00:00:00,12233.311859114987
2018-02-27 03:00:00,12366.610581610852
2018-02-27 06:00:00,7410.138882120186
2018-02-27 09:00:00,3667.056925290145
2018-02-27 12:00:00,9850.717822794397
2018-02-27 15:00:00,12984.668319278551
2018-02-27 18:00:00,13951.989358590887
2018-02-27 21:00:00,5069.421444537593
2018-02-28 00:00:00,14166.451335179368
2018-02-28 03:00:00,7062.756396055288
2018-02-28 06:00:00,10521.19922391015
2018-02-28 09:00:00,12103.118079396252
2018-02-28 12:00:00,16524.08787042636
2018-02-28 15:00:00,7743.812274522003
2018-02-28 18:00:00,9344.732995875056
2018-02-28 21:00:00,6977.859360699579
2018-03-01 00:00:00,15281.243324185405
2018-03-01 03:00:00,7314.391036960725
2018-03-01 06:00:00,11397.38297554178
2018-03-01 09:00:00,9760.881104809667
2018-03-01 12:00:00,11246.784559687785
2018-03-01 15:00:00,5019.264440206885
2018-03-01 18:00:00,13912.958947315861
2018-03-01 21:00:00,9474.741487352818
2018-03-02 00:00:00,16203.445088708253
2018-03-02 03:00:00,11175.000007102619
2018-03-02 06:00:00,5650.483621052397
2018-03-02 09:00:00,10375.168146604356
2018-03-02 12:00:00,13976.607702341806
2018-03-02 15:00:00,16066.236102045354
2018-03-02 18:00:00,12731.104203121331
2018-03-02 21:00:00,14010.717840100144
2018-03-03 00:00:00,14550.347258622114
2018-03-03 03:00:00,16295.769249294302
2018-03-03 06:00:00,11079.833203186728
2018-03-03 09:00:00,15754.865885033832
2018-03-03 12:00:00,14799.281756174785
2018-03-03 15:00:00,13946.357389818118
2018-03-03 18:00:00,13071.694529707485
2018-03-03 21:00:00,14554.244590169803
2018-03-04 00:00:00,2708.4089134915716
2018-03-04 03:00:00,11892.530935049394
2018-03-04 06:00:00,14539.713078409242
2018-03-04 09:00:00,9701.914478874689
2018-03-04 12:00:00,6955.125026585869
2018-03-04 15:00:00,9142.28584021914
2018-03-04 18:00:00,11661.452318935513
2018-03-04 21:00:00,15414.201459143866
2018-03-05 00:00:00,6336.369748399132
2018-03-05 03:00:00,5408.367340311362
2018-03-05 06:00:00,15028.976869590033
2018-03-05 09:00:00,4964.430659311485
2018-03-05 12:00:00,11285.921239848745
2018-03-05 15:00:00,7131.762868159484
2018-03-05 18:00:00,7972.604304447102
2018-03-05 21:00:00,12178.453645575906
2018-03-06 00:00:00,4475.181824167451
2018-03-06 03:00:00,13079.937727188322
2018-03-06 06:00:00,11034.198806225379
2018-03-06 09:00:00,13252.981093596183
2018-03-06 12:00:00,4219.746495548795
2018-03-06 15:00:00,12530.888683545065
2018-03-06 18:00:00,17015.4228443964
2018-03-06 21:00:00,13467.475523060908
2018-03-07 00:00:00,7813.588992052661
2018-03-07 03:00:00,11301.998745526682
2018-03-07 06:00:00,8205.09219589406
2018-03-07 09:00:00,7991.1312698479505
2018-03-07 12:00:00,10976.853061284444
2018-03-07 15:00:00,13497.403303643761
2018-03-07 18:00:00,4223.235696785552
2018-03-07 21:00:00,11836.70830503568
2018-03-08 00:00:00,15152.47562178107
2018-03-08 03:00:00,4374.897792843174
2018-03-08 06:00:00,9776.803782939689
2018-03-08 09:00:00,10434.954538894617
2018-03-08 12:00:00,8593.11326092375
2018-03-08 15:00:00,9467.460556410533
2018-03-08 18:00:00,6746.663472717667
2018-03-08 21:00:00,12446.94060245844
2018-03-09 00:00:00,16529.483146230607
2018-03-09 03:00:00,6207.565642758598
2018-03-09 06:00:00,7610.745088775001
2018-03-09 09:00:00,6497.243304335196
2018-03-09 12:00:00,15876.161224647023
2018-03-09 15:00:00,9328.155224008982
2018-03-09 18:00:00,13820.0347871893
2018-03-09 21:00:00,10709.35488564599
2018-03-10 00:00:00,10131.406568672244
2018-03-10 03:00:00,13708.509326106028
2018-03-10 06:00:00,8115.415428338489
2018-03-10 09:00:00,6940.7502969988855
2018-03-10 12:00:00,10337.726304979313
2018-03-10 15:00:00,12759.338705624623
2018-03-10 18:00:00,9765.06156522242
2018-03-10 21:00:00,1182.1891282409554
2018-03-11 00:00:00,3317.5763862116714
2018-03-11 03:00:00,14800.561352906168
2018-03-11 06:00:00,13084.510446259466
2018-03-11 09:00:00,4754.001249789421
2018-03-11 12:00:00,10213.815622545506
2018-03-11 15:00:00,9957.889164292883
2018-03-11 18:00:00,12697.413483055358
2018-03-11 21:00:00,11387.71060294003
2018-03-12 00:00:00,1409.5846676992794
2018-03-12 03:00:00,14638.98071941996
2018-03-12 06:00:00,14008.27404272221
2018-03-12 09:00:00,5357.802774264312
2018-03-12 12:00:00,12041.015105302156
2018-03-12 15:00:00,10315.220176936293
2018-03-12 18:00:00,7466.6312939726895
2018-03-12 21:00:00,4230.213413986296
2018-03-13 00:00:00,11059.120392844641
2018-03-13 03:00:00,374.1826700913551
2018-03-13 06:00:00,12696.107821897473
2018-03-13 09:00:00,9143.879404463447
2018-03-13 12:00:00,14829.693378740414
2018-03-13 15:00:00,7518.61548585549
2018-03-13 18:00:00,14674.923985250054
2018-03-13 21:00:00,9802.514096585035
2018-03-14 00:00:00,13618.279147413452
2018-03-14 03:00:00,1498.242587172402
2018-03-14 06:00:00,8809.438807747372
2018-03-14 09:00:00,9968.162636500374
2018-03-14 12:00:00,12843.236342184695
2018-03-14 15:00:00,13887.109838629993
2018-03-14 18:00:00,13032.984647399364
2018-03-14 21:00:00,16519.298769441655
2018-03-15 00:00:00,8518.567964503587
2018-03-15 03:00:00,8014.678611468202
2018-03-15 06:00:00,2774.427528210708
2018-03-15 09:00:00,12324.080524550818
2018-03-15 12:00:00,13088.91318353253
2018-03-15 15:00:00,11401.375759236143
2018-03-15 18:00:00,10720.772883230844
2018-03-15 21:00:00,9234.916169959077
2018-03-16 00:00:00,14808.351994883265
2018-03-16 03:00:00,14310.904833866574
2018-03-16 06:00:00,5832.378163173484
2018-03-16 09:00:00,8837.445130875274
2018-03-16 12:00:00,8878.8437960702
2018-03-16 15:00:00,14977.794096425432
2018-03-16 18:00:00,9328.302742543756
2018-03-16 21:00:00,917.5874725516227
2018-03-17 00:00:00,17105.68818842069
2018-03-17 03:00:00,8089.725983727997
2018-03-17 06:00:00,8859.847033951635
2018-03-17 09:00:00,13311.109497871212
2018-03-17 12:00:00,7232.340744817568
2018-03-17 15:00:00,11292.85831031649
2018-03-17 18:00:00,15711.72572007551
2018-03-17 21:00:00,6700.962352570485
2018-03-18 00:00:00,9681.346729660943
2018-03-18 03:00:00,7635.957237125271
2018-03-18 06:00:00,9083.362548587402
2018-03-18 09:00:00,6090.792303807952
2018-03-18 12:00:00,2099.1448784412382
2018-03-18 15:00:00,13125.063975737345
2018-03-18 18:00:00,11912.875627905345
2018-03-18 21:00:00,10390.570257171286
2018-03-19 00:00:00,7134.712598054652
2018-03-19 03:00:00,8942.714139406966
2018-03-19 06:00:00,9172.551654476412
2018-03-19 09:00:00,12401.359282758895
2018-03-19 12:00:00,11715.42346507934
2018-03-19 15:00:00,13471.561423828078
2018-03-19 18:00:00,12569.910167233485
2018-03-19 21:00:00,11447.322810430855
2018-03-20 00:00:00,3341.6632917916204
2018-03-20 03:00:00,9839.124514833611
2018-03-20 06:00:00,14125.046578768606
2018-03-20 09:00:00,6331.720251832043
2018-03-20 12:00:00,12933.42966993693
2018-03-20 15:00:00,16258.994312534654
2018-03-20 18:00:00,13865.672456241798
2018-03-20 21:00:00,7647.190777165032
2018-03-21 00:00:00,15171.585129697158
2018-03-21 03:00:00,8277.457367720252
2018-03-21 06:00:00,15992.000217699746
2018-03-21 09:00:00,14791.021152719886
2018-03-21 12:00:00,10579.998329713624
2018-03-21 15:00:00,6078.428768559294
2018-03-21 18:00:00,13808.74434690679
2018-03-21 21:00:00,12049.598950916645
2018-03-22 00:00:00,7108.240191296425
2018-03-22 03:00:00,11469.8502735264
2018-03-22 06:00:00,5942.042512571484
2018-03-22 09:00:00,14678.88321249656
2018-03-22 12:00:00,13914.297672035796
2018-03-22 15:00:00,10263.646045805339
2018-03-22 18:00:00,13653.053779320382
2018-03-22 21:00:00,10894.47547133537
2018-03-23 00:00:00,4942.188528760526
2018-03-23 03:00:00,14811.438727994844
2018-03-23 06:00:00,15643.210356985277
2018-03-23 09:00:00,8760.777249386847
2018-03-23 12:00:00,5119.39290526215
2018-03-23 15:00:00,11551.807038332749
2018-03-23 18:00:00,5884.613968126752
2018-03-23 21:00:00,12169.686194906535
2018-03-24 00:00:00,13425.662286174815
2018-03-24 03:00:00,6770.7152964849065
2018-03-24 06:00:00,14251.69772767293
2018-03-24 09:00:00,14209.710387172305
2018-03-24 12:00:00,8870.28985526751
2018-03-24 15:00:00,6436.844482790822
2018-03-24 18:00:00,14356.226186520485
2018-03-24 21:00:00,19613.714040456696
2018-03-25 00:00:00,4176.255400577001
2018-03-25 03:00:00,10703.45323421302
2018-03-25 06:00:00,11033.098737947596
2018-03-25 09:00:00,11111.16666830348
2018-03-25 12:00:00,8106.629840776476
2018-03-25 15:00:00,3715.7465785043564
2018-03-25 18:00:00,14167.813102731694
2018-03-25 21:00:00,10940.458892789102
2018-03-26 00:00:00,12378.673245555485
2018-03-26 03:00:00,5964.9380640407035
2018-03-26 06:00:00,13238.946537771988
2018-03-26 09:00:00,12916.88964103898
2018-03-26 12:00:00,12222.108258053277
2018-03-26 15:00:00,13754.608984425142
2018-03-26 18:00:00,14187.795906105888
2018-03-26 21:00:00,10214.1457607211
2018-03-27 00:00:00,12602.09842213256
2018-03-27 03:00:00,8961.129690230979
2018-03-27 06:00:00,6371.551657979691
2018-03-27 09:00:00,4663.169837324035
2018-03-27 12:00:00,10665.593291983518
2018-03-27 15:00:00,9602.290119524638
2018-03-27 18:00:00,5542.083134938262
2018-03-27 21:00:00,14078.877560270072
2018-03-28 00:00:00,8429.918818134274
2018-03-28 03:00:00,10633.889125459847
2018-03-28 06:00:00,8283.878821840164
2018-03-28 09:00:00,9152.793743767654
2018-03-28 12:00:00,13907.725320168254
2018-03-28 15:00:00,7766.549940129091
2018-03-28 18:00:00,12271.550582883998
2018-03-28 21:00:00,14643.192617694182
2018-03-29 00:00:00,16936.783161346008
2018-03-29 03:00:00,10339.558096291563
2018-03-29 06:00:00,14309.616182200436
2018-03-29 09:00:00,10007.629740697681
2018-03-29 12:00:00,8818.842530456775
2018-03-29 15:00:00,8550.364272609484
2018-03-29 18:00:00,12836.531756992264
2018-03-29 21:00:00,11954.227920458989
2018-03-30 00:00:00,13572.324933869817
2018-03-30 03:00:00,16241.112451994864
2018-03-30 06:00:00,13170.832871942788
2018-03-30 09:00:00,13324.804369988587
2018-03-30 12:00:00,12474.171068062293
2018-03-30 15:00:00,12006.664924213215
2018-03-30 18:00:00,5384.056545252962
2018-03-30 21:00:00,11750.689304605528
2018-03-31 00:00:00,5133.174556090057
2018-03-31 03:00:00,12339.96028205516
2018-03-31 06:00:00,9351.042700973841
2018-03-31 09:00:00,3507.0468001835684
2018-03-31 12:00:00,10414.64157856657
2018-03-31 15:00:00,12875.376008150686
2018-03-31 18:00:00,7585.1878913636
2018-03-31 21:00:00,6282.751239373234
2018-04-01 00:00:00,10788.082958266705
2018-04-01 03:00:00,13131.899116245095
2018-04-01 06:00:00,13861.37721248426
2018-04-01 09:00:00,21433.925676956977
2018-04-01 12:00:00,12771.090326433203
2018-04-01 15:00:00,9736.323329392819
2018-04-01 18:00:00,9391.945527392214
2018-04-01 21:00:00,12782.432090370154
2018-04-02 00:00:00,16068.343374755876
2018-04-02 03:00:00,8053.839592029515
2018-04-02 06:00:00,5802.204988616504
2018-04-02 09:00:00,16585.054402198595
2018-04-02 12:00:00,10983.237914287645
2018-04-02 15:00:00,14377.722707081277
2018-04-02 18:00:00,15068.640041836386
2018-04-02 21:00:00,8101.354225345644
2018-04-03 00:00:00,8377.6304961529
2018-04-03 03:00:00,10817.253940293509
2018-04-03 06:00:00,13767.701433701595
2018-04-03 09:00:00,7759.435788047981
2018-04-03 12:00:00,12494.174256499422
2018-04-03 15:00:00,6340.04185766843
2018-04-03 18:00:00,9969.226903694127
2018-04-03 21:00:00,13511.53981246991
2018-04-04 00:00:00,6860.3969183415975
2018-04-04 03:00:00,11419.648624189958
2018-04-04 06:00:00,4621.00583239788
2018-04-04 09:00:00,7172.9962956952195
2018-04-04 12:00:00,5203.251641624467
2018-04-04 15:00:00,16196.266648605291
2018-04-04 18:00:00,11186.748153928425
2018-04-04 21:00:00,9584.296770512603
2018-04-05 00:00:00,14275.561718235069
2018-04-05 03:00:00,3427.444217404737
2018-04-05 06:00:00,9312.553275685923
2018-04-05 09:00:00,8419.512861677495
2018-04-05 12:00:00,15851.196869028423
2018-04-05 15:00:00,16491.31698961176
2018-04-05 18:00:00,5251.299004535747
2018-04-05 21:00:00,13532.860399584457
2018-04-06 00:00:00,13778.35649931258
2018-04-06 03:00:00,13276.632133134302
2018-04-06 06:00:00,2141.0979041416454
2018-04-06 09:00:00,6556.842558234678
2018-04-06 12:00:00,11583.309249454707
2018-04-06 15:00:00,7583.349971167754
2018-04-06 18:00:00,13903.557833056535
2018-04-06 21:00:00,17931.66391480982
2018-04-07 00:00:00,11254.303843604026
2018-04-07 03:00:00,14111.621853678049
2018-04-07 06:00:00,4334.186620996018
2018-04-07 09:00:00,6260.060590606033
2018-04-07 12:00:00,4811.932913307464
2018-04-07 15:00:00,8210.756195247995
2018-04-07 18:00:00,11735.548462862496
2018-04-07 21:00:00,11762.276302276829
2018-04-08 00:00:00,12281.60244138516
2018-04-08 03:00:00,12840.774221299884
2018-04-08 06:00:00,15718.912568149673
2018-04-08 09:00:00,5291.257704624928
2018-04-08 12:00:00,9361.110626558553
2018-04-08 15:00:00,13201.185741526579
2018-04-08 18:00:00,14672.872987953953
2018-04-08 21:00:00,13034.591036925287
2018-04-09 00:00:00,11196.99775850983
2018-04-09 03:00:00,9790.725353610875
2018-04-09 06:00:00,15957.153838434233
2018-04-09 09:00:00,13269.13952410972
2018-04-09 12:00:00,9811.258851835646
2018-04-09 15:00:00,13174.505730558807
2018-04-09 18:00:00,8993.438584526537
2018-04-09 21:00:00,13984.63627308528
2018-04-10 00:00:00,6754.435997905701
2018-04-10 03:00:00,11343.379014441323
2018-04-10 06:00:00,9614.263463562773
2018-04-10 09:00:00,2737.246804226028
2018-04-10 12:00:00,14956.251236526616
2018-04-10 15:00:00,14654.333759515914
2018-04-10 18:00:00,9820.65221003622
2018-04-10 21:00:00,7301.491845550995
2018-04-11 00:00:00,5360.690486004223
2018-04-11 03:00:00,8523.405424340828
2018-04-11 06:00:00,13686.883432281786
2018-04-11 09:00:00,10549.74635338832
2018-04-11 12:00:00,13137.205919944117
2018-04-11 15:00:00,8526.013720267982
2018-04-11 18:00:00,3168.1620758905947
2018-04-11 21:00:00,5393.140527308096
2018-04-12 00:00:00,13032.201178395717
2018-04-12 03:00:00,16466.250069242793
2018-04-12 06:00:00,7918.055758690013
2018-04-12 09:00:00,15816.169402726275
2018-04-12 12:00:00,5747.413058232464
2018-04-12 15:00:00,9772.474865799792
2018-04-12 18:00:00,8015.22329574958
2018-04-12 21:00:00,12397.303492679492
2018-04-13 00:00:00,14302.927542016023
2018-04-13 03:00:00,15319.315811030883
2018-04-13 06:00:00,8793.43241723321
2018-04-13 09:00:00,16461.834233633053
2018-04-13 12:00:00,16393.879851523565
2018-04-13 15:00:00,7263.792804464401
2018-04-13 18:00:00,15458.208907562172
2018-04-13 21:00:00,11369.266149203302
2018-04-14 00:00:00,5855.863594251759
2018-04-14 03:00:00,8949.517983634854
2018-04-14 06:00:00,13896.95357084702
2018-04-14 09:00:00,12148.566330952272
2018-04-14 12:00:00,10695.882517387234
2018-04-14 15:00:00,15819.52880001545
2018-04-14 18:00:00,10990.999279572912
2018-04-14 21:00:00,8198.07261118021
2018-04-15 00:00:00,14697.282612291263
2018-04-15 03:00:00,12414.308984111734
2018-04-15 06:00:00,237.7751261974984
2018-04-15 09:00:00,11447.310971575784
2018-04-15 12:00:00,10229.331371254606
2018-04-15 15:00:00,12828.510812720051
2018-04-15 18:00:00,13341.611107152365
2018-04-15 21:00:00,11146.564907069396
2018-04-16 00:00:00,8512.755724227045
2018-04-16 03:00:00,11724.95103883887
2018-04-16 06:00:00,9361.793041302388
2018-04-16 09:00:00,12613.00153051768
2018-04-16 12:00:00,10552.749701296807
2018-04-16 15:00:00,13206.66163339824
2018-04-16 18:00:00,14035.098768384712
2018-04-16 21:00:00,14331.584867125785
2018-04-17 00:00:00,15125.018447592134
2018-04-17 03:00:00,15734.570652801074
2018-04-17 06:00:00,12633.62369860775
2018-04-17 09:00:00,9720.15765019054
2018-04-17 12:00:00,13992.274729363637
2018-04-17 15:00:00,13941.691112619734
2018-04-17 18:00:00,7617.639379118401
2018-04-17 21:00:00,8379.712449770672
2018-04-18 00:00:00,15426.407095898267
2018-04-18 03:00:00,7031.790881119872
2018-04-18 06:00:00,12480.03994141152
2018-04-18 09:00:00,8021.488819541923
2018-04-18 12:00:00,12450.03062099147
2018-04-18 15:00:00,6969.036169121643
2018-04-18 18:00:00,8028.31066315068
2018-04-18 21:00:00,15655.382705458494
2018-04-19 00:00:00,11979.057925716843
2018-04-19 03:00:00,9751.476427000895
2018-04-19 06:00:00,10508.223230845166
2018-04-19 09:00:00,8813.849931231132
2018-04-19 12:00:00,17364.306832908584
2018-04-19 15:00:00,13564.911722274373
2018-04-19 18:00:00,16142.355982557467
2018-04-19 21:00:00,10086.906028437497
2018-04-20 00:00:00,7804.319154588733
2018-04-20 03:00:00,13053.707069233613
2018-04-20 06:00:00,10472.851067096288
2018-04-20 09:00:00,20022.85712471701
2018-04-20 12:00:00,13717.006318156931
2018-04-20 15:00:00,7529.716528066526
2018-04-20 18:00:00,7694.421886673239
2018-04-20 21:00:00,17164.565386131544
2018-04-21 00:00:00,11462.17934058207
2018-04-21 03:00:00,6186.259340655042
2018-04-21 06:00:00,9761.729154037446
2018-04-21 09:00:00,15390.888540576609
2018-04-21 12:00:00,11061.356600508285
2018-04-21 15:00:00,13761.114240224475
2018-04-21 18:00:00,13654.40066200211
2018-04-21 21:00:00,10319.78690418752
2018-04-22 00:00:00,9772.532607025278
2018-04-22 03:00:00,9970.108394770892
2018-04-22 06:00:00,7220.944419794749
2018-04-22 09:00:00,8285.973264894348
2018-04-22 12:00:00,13329.395833139493
2018-04-22 15:00:00,1213.3101299123496
2018-04-22 18:00:00,3297.7414714407264
2018-04-22 21:00:00,10037.466586788147
2018-04-23 00:00:00,13599.967553467475
2018-04-23 03:00:00,15877.54809243874
2018-04-23 06:00:00,9264.575967937022
2018-04-23 09:00:00,14597.249531738735
2018-04-23 12:00:00,10889.494749211035
2018-04-23 15:00:00,16139.394238655517
2018-04-23 18:00:00,5134.722655637546
2018-04-23 21:00:00,9322.813292220342
2018-04-24 00:00:00,14260.385551616242
2018-04-24 03:00:00,16903.638214293485
2018-04-24 06:00:00,7156.625429936718
2018-04-24 09:00:00,7057.398828658793
2018-04-24 12:00:00,8802.697445521942
2018-04-24 15:00:00,12926.956104038693
2018-04-24 18:00:00,10268.330232951857
2018-04-24 21:00:00,7440.532059087624
2018-04-25 00:00:00,15529.561830984492
2018-04-25 03:00:00,10098.343268197526
2018-04-25 06:00:00,12868.536451634427
2018-04-25 09:00:00,6163.657045960074
2018-04-25 12:00:00,13611.435361159423
2018-04-25 15:00:00,15265.829659935376
2018-04-25 18:00:00,14211.377165035445
2018-04-25 21:00:00,8728.30408690415
2018-04-26 00:00:00,15709.157113033536
2018-04-26 03:00:00,5852.182170706678
2018-04-26 06:00:00,13357.6854014231
2018-04-26 09:00:00,8035.560579310744
2018-04-26 12:00:00,12394.398670697568
2018-04-26 15:00:00,14457.452664118326
2018-04-26 18:00:00,9364.543375576168
2018-04-26 21:00:00,13118.27265972553
2018-04-27 00:00:00,15153.804987124859
2018-04-27 03:00:00,16239.62020278102
2018-04-27 06:00:00,15998.67211939202
2018-04-27 09:00:00,10002.757233317874
2018-04-27 12:00:00,13826.427187918978
2018-04-27 15:00:00,10663.420863365931
2018-04-27 18:00:00,13112.994511921135
2018-04-27 21:00:00,5362.378299527942
2018-04-28 00:00:00,8898.978022649939
2018-04-28 03:00:00,10932.477919655617
2018-04-28 06:00:00,15482.510138687687
2018-04-28 09:00:00,15012.949169021827
2018-04-28 12:00:00,16745.13460374922
2018-04-28 15:00:00,10171.548656109662
2018-04-28 18:00:00,13880.973026809275
2018-04-28 21:00:00,13660.627636825046
2018-04-29 00:00:00,14219.141244764287
2018-04-29 03:00:00,4071.862493840638
2018-04-29 06:00:00,-318.4979420517024
2018-04-29 09:00:00,9395.141887530286
2018-04-29 12:00:00,7863.814956436277
2018-04-29 15:00:00,3774.9635700025096
2018-04-29 18:00:00,17098.320783304727
2018-04-29 21:00:00,15737.025875574609
2018-04-30 00:00:00,12502.597061541224
2018-04-30 03:00:00,11749.117156374974
2018-04-30 06:00:00,10790.93673784983
2018-04-30 09:00:00,6239.683526361106
2018-04-30 12:00:00,10246.246611367882
2018-04-30 15:00:00,14694.526428888012
2018-04-30 18:00:00,13760.166490195004
2018-04-30 21:00:00,15318.448018802204
2018-05-01 00:00:00,9334.290205439187
2018-05-01 03:00:00,15963.590692121745
2018-05-01 06:00:00,8339.214638654463
2018-05-01 09:00:00,12242.064519584212
2018-05-01 12:00:00,10826.811565545357
2018-05-01 15:00:00,13289.18703639896
2018-05-01 18:00:00,8356.54618244493
2018-05-01 21:00:00,4698.110228171412
2018-05-02 00:00:00,1944.4170898914329
2018-05-02 03:00:00,12315.188729377844
2018-05-02 06:00:00,8350.726206876898
2018-05-02 09:00:00,16810.282190496913
2018-05-02 12:00:00,13282.357851888659
2018-05-02 15:00:00,14459.067545143747
2018-05-02 18:00:00,19451.645832425267
2018-05-02 21:00:00,15497.580930392176
2018-05-03 00:00:00,11640.64311424343
2018-05-03 03:00:00,9771.19483300573
2018-05-03 06:00:00,11929.829228211715
2018-05-03 09:00:00,4806.829002012701
2018-05-03 12:00:00,11194.084316770186
2018-05-03 15:00:00,14530.220167064837
2018-05-03 18:00:00,16485.65356429237
2018-05-03 21:00:00,14565.55332567821
2018-05-04 00:00:00,14626.633289378186
2018-05-04 03:00:00,6545.412940209828
2018-05-04 06:00:00,7914.76842308939
2018-05-04 09:00:00,14801.899585610869
2018-05-04 12:00:00,5610.381211483797
2018-05-04 15:00:00,8638.700210870813
2018-05-04 18:00:00,8449.990345928332
2018-05-04 21:00:00,13172.88994895683
2018-05-05 00:00:00,9171.049167995825
2018-05-05 03:00:00,7476.013257382208
2018-05-05 06:00:00,3317.0460957111113
2018-05-05 09:00:00,13210.200538330484
2018-05-05 12:00:00,16583.42888021213
2018-05-05 15:00:00,12611.216431894192
2018-05-05 18:00:00,5580.688942326308
2018-05-05 21:00:00,14799.432131974303
2018-05-06 00:00:00,13680.109495121065
2018-05-06 03:00:00,10916.272831894288
2018-05-06 06:00:00,13908.062985219953
2018-05-06 09:00:00,10120.112144420309
2018-05-06 12:00:00,12666.067516536832
2018-05-06 15:00:00,10473.437006281863
2018-05-06 18:00:00,3973.1284745706866
2018-05-06 21:00:00,10799.6361843077
2018-05-07 00:00:00,9308.309979429889
2018-05-07 03:00:00,4255.499300219287
2018-05-07 06:00:00,14803.607839239205
2018-05-07 09:00:00,12399.111184798572
2018-05-07 12:00:00,4917.496750150716
2018-05-07 15:00:00,8552.849328599666
2018-05-07 18:00:00,10391.340798068992
2018-05-07 21:00:00,10646.24553600289
2018-05-08 00:00:00,7914.2218013717975
2018-05-08 03:00:00,8370.47294310699
2018-05-08 06:00:00,14618.640012611042
2018-05-08 09:00:00,5871.781590623624
2018-05-08 12:00:00,10666.72392688412
2018-05-08 15:00:00,16211.327666997608
2018-05-08 18:00:00,8612.701842676332
2018-05-08 21:00:00,17579.44533799238
2018-05-09 00:00:00,5420.144648967178
2018-05-09 03:00:00,9956.062990206836
2018-05-09 06:00:00,14823.162963834946
2018-05-09 09:00:00,9091.777887693366
2018-05-09 12:00:00,11229.193331966731
2018-05-09 15:00:00,10228.40222163147
2018-05-09 18:00:00,8935.662839505168
2018-05-09 21:00:00,13779.875610411378
2018-05-10 00:00:00,3327.3546387552205
2018-05-10 03:00:00,8437.577723088225
2018-05-10 06:00:00,16160.522738387412
2018-05-10 09:00:00,14760.487393833648
2018-05-10 12:00:00,4475.319837830041
2018-05-10 15:00:00,5371.343054059349
2018-05-10 18:00:00,8234.661200208448
2018-05-10 21:00:00,12031.036230340971
2018-05-11 00:00:00,15457.35651941261
2018-05-11 03:00:00,14510.360917219796
2018-05-11 06:00:00,13073.285392798323
2018-05-11 09:00:00,3854.43950654776
2018-05-11 12:00:00,12337.592710391284
2018-05-11 15:00:00,15769.910381633852
2018-05-11 18:00:00,11770.269630617877
2018-05-11 21:00:00,9961.995670553617
2018-05-12 00:00:00,14716.6174068072
2018-05-12 03:00:00,11217.26578757654
2018-05-12 06:00:00,13724.26836668493
2018-05-12 09:00:00,8863.984270311066
2018-05-12 12:00:00,6542.236616958571
2018-05-12 15:00:00,7856.204308032376
2018-05-12 18:00:00,12479.880188011151
2018-05-12 21:00:00,15167.033928471099
2018-05-13 00:00:00,14734.148828148724
2018-05-13 03:00:00,14549.807786388772
2018-05-13 06:00:00,5651.0188482233925
2018-05-13 09:00:00,10208.056056921972
2018-05-13 12:00:00,14184.851296991063
2018-05-13 15:00:00,4844.44966115704
2018-05-13 18:00:00,13139.123861026275
2018-05-13 21:00:00,5562.586736813565
2018-05-14 00:00:00,14556.362032541478
2018-05-14 03:00:00,9988.817314165492
2018-05-14 06:00:00,11607.870206697344
2018-05-14 09:00:00,14312.875097962738
2018-05-14 12:00:00,7114.192253281753
2018-05-14 15:00:00,9739.49691483408
2018-05-14 18:00:00,13214.868058513672
2018-05-14 21:00:00,9377.841929935446
2018-05-15 00:00:00,11750.229798208169
2018-05-15 03:00:00,13807.865952108868
2018-05-15 06:00:00,4666.204363117725
2018-05-15 09:00:00,8358.505416341312
2018-05-15 12:00:00,9606.721721724145
2018-05-15 15:00:00,15644.37305717831
2018-05-15 18:00:00,12337.830343597521
2018-05-15 21:00:00,10815.915189229985
2018-05-16 00:00:00,15764.850219339487
2018-05-16 03:00:00,9686.94149401441
2018-05-16 06:00:00,16067.56928589847
2018-05-16 09:00:00,11421.362937886643
2018-05-16 12:00:00,7281.52271758686
2018-05-16 15:00:00,13629.152265147228
2018-05-16 18:00:00,11272.76100671447
2018-05-16 21:00:00,3509.8295665771634
2018-05-17 00:00:00,11692.212308547412
2018-05-17 03:00:00,13433.937606815256
2018-05-17 06:00:00,12818.071259776907
2018-05-17 09:00:00,-248.44706390880847
2018-05-17 12:00:00,7022.937520304049
2018-05-17 15:00:00,13843.077757201514
2018-05-17 18:00:00,14870.60422277633
2018-05-17 21:00:00,7736.776286512622
2018-05-18 00:00:00,15060.36158154009
2018-05-18 03:00:00,11115.101156886412
2018-05-18 06:00:00,15787.852020749026
2018-05-18 09:00:00,8726.795613762126
2018-05-18 12:00:00,16135.20205080913
2018-05-18 15:00:00,10789.56460682115
2018-05-18 18:00:00,14413.224604261997
2018-05-18 21:00:00,10098.827222866337
2018-05-19 00:00:00,8524.211164768754
2018-05-19 03:00:00,9747.651449832067
2018-05-19 06:00:00,14259.889861731526
2018-05-19 09:00:00,8058.7102858270055
2018-05-19 12:00:00,11531.156415707874
2018-05-19 15:00:00,13855.260441149787
2018-05-19 18:00:00,13566.22635346881
2018-05-19 21:00:00,9657.259977998965
2018-05-20 00:00:00,13649.496650738338
2018-05-20 03:00:00,10103.017457520771
2018-05-20 06:00:00,11256.762445402073
2018-05-20 09:00:00,1750.9561847102868
2018-05-20 12:00:00,9279.089779985918
2018-05-20 15:00:00,4427.876350155437
2018-05-20 18:00:00,12945.571927372728
2018-05-20 21:00:00,13441.385836218833
2018-05-21 00:00:00,13194.503669914346
2018-05-21 03:00:00,13487.908548856978
2018-05-21 06:00:00,11531.882149602206
2018-05-21 09:00:00,10528.308548484534
2018-05-21 12:00:00,7035.735889954992
2018-05-21 15:00:00,13978.339008912395
2018-05-21 18:00:00,12224.437668369193
2018-05-21 21:00:00,6164.896031382972
2018-05-22 00:00:00,8015.691844939172
2018-05-22 03:00:00,13339.493290090264
2018-05-22 06:00:00,3232.3877660672338
2018-05-22 09:00:00,10533.547858885735
2018-05-22 12:00:00,1264.6506438335198
2018-05-22 15:00:00,10314.126095378126
2018-05-22 18:00:00,8251.501235076055
2018-05-22 21:00:00,7592.871153775113
2018-05-23 00:00:00,10377.180065846364
2018-05-23 03:00:00,8241.403938958187
2018-05-23 06:00:00,11900.030687447734
2018-05-23 09:00:00,14147.124006637101
2018-05-23 12:00:00,5327.60230717731
2018-05-23 15:00:00,11404.793606994634
2018-05-23 18:00:00,7600.207492264312
2018-05-23 21:00:00,7244.435237154663
2018-05-24 00:00:00,14482.30198057407
2018-05-24 03:00:00,12243.941844055995
2018-05-24 06:00:00,2793.1634426037253
2018-05-24 09:00:00,10536.861818681442
2018-05-24 12:00:00,-719.6250223472802
2018-05-24 15:00:00,12781.484948206746
2018-05-24 18:00:00,11065.271996159585
2018-05-24 21:00:00,11479.7711652891
2018-05-25 00:00:00,5005.426332446052
2018-05-25 03:00:00,9625.365273489526
2018-05-25 06:00:00,11526.540807659821
2018-05-25 09:00:00,15068.698064106766
2018-05-25 12:00:00,7996.899918002506
2018-05-25 15:00:00,9995.195501620836
2018-05-25 18:00:00,9518.022563770455
2018-05-25 21:00:00,9225.037024295443
2018-05-26 00:00:00,7944.972044381808
2018-05-26 03:00:00,13669.59809609761
2018-05-26 06:00:00,4512.334137584588
2018-05-26 09:00:00,12272.408335131626
2018-05-26 12:00:00,14539.615072262313
2018-05-26 15:00:00,12341.535677692389
2018-05-26 18:00:00,11771.91666993164
2018-05-26 21:00:00,14299.58674255598
2018-05-27 00:00:00,10025.721497253951
2018-05-27 03:00:00,15117.233689194143
2018-05-27 06:00:00,9551.838036854517
2018-05-27 09:00:00,8428.333842527245
2018-05-27 12:00:00,604.3381414127174
2018-05-27 15:00:00,14660.143539018853
2018-05-27 18:00:00,13372.263256825025
2018-05-27 21:00:00,6082.951911833091
2018-05-28 00:00:00,16230.67789782735
2018-05-28 03:00:00,11010.197369455622
2018-05-28 06:00:00,11273.630479142892
2018-05-28 09:00:00,15245.959778210412
2018-05-28 12:00:00,9165.796993993146
2018-05-28 15:00:00,14861.779558325003
2018-05-28 18:00:00,8878.92154010824
2018-05-28 21:00:00,12431.164840583411
2018-05-29 00:00:00,12961.762365204157
2018-05-29 03:00:00,17326.452993902054
2018-05-29 06:00:00,5439.278496473705
2018-05-29 09:00:00,13441.664287764243
2018-05-29 12:00:00,13913.130384037124
2018-05-29 15:00:00,9010.824412156859
2018-05-29 18:00:00,7575.148756321348
2018-05-29 21:00:00,6271.384206026094
2018-05-30 00:00:00,11964.542438299579
2018-05-30 03:00:00,8485.152209968728
2018-05-30 06:00:00,9142.580479114247
2018-05-30 09:00:00,12977.570467046846
2018-05-30 12:00:00,3603.606995877558
2018-05-30 15:00:00,12825.327878596197
2018-05-30 18:00:00,14410.757477303963
2018-05-30 21:00:00,14181.779655732993
2018-05-31 00:00:00,15492.329602540505
2018-05-31 03:00:00,2913.3454308980795
2018-05-31 06:00:00,7995.8905053838525
2018-05-31 09:00:00,12506.095685176802
2018-05-31 12:00:00,5556.901268056799
2018-05-31 15:00:00,10163.55239171995
2018-05-31 18:00:00,15768.842781756322
2018-05-31 21:00:00,8357.8037975475
2018-06-01 00:00:00,10045.813595092395
2018-06-01 03:00:00,14075.700766242891
2018-06-01 06:00:00,13064.093734795963
2018-06-01 09:00:00,11747.482088865705
2018-06-01 12:00:00,10760.784181368012
2018-06-01 15:00:00,9810.096449609027
2018-06-01 18:00:00,11364.720863629751
2018-06-01 21:00:00,4549.95718310918
2018-06-02 00:00:00,14126.562366706385
2018-06-02 03:00:00,11264.792369341361
2018-06-02 06:00:00,13597.036277418922
2018-06-02 09:00:00,13331.2111747147
2018-06-02 12:00:00,15455.46498347336
2018-06-02 15:00:00,13072.22856887532
2018-06-02 18:00:00,9204.028824828421
2018-06-02 21:00:00,9985.273287305246
2018-06-03 00:00:00,15932.195736041776
2018-06-03 03:00:00,7713.383219056617
2018-06-03 06:00:00,6270.047888400314
2018-06-03 09:00:00,9821.004314140879
2018-06-03 12:00:00,13747.592199271267
2018-06-03 15:00:00,15387.928067199753
2018-06-03 18:00:00,14363.986387195473
2018-06-03 21:00:00,15467.36868204374
2018-06-04 00:00:00,13516.614099214437
2018-06-04 03:00:00,7556.569895320567
2018-06-04 06:00:00,11292.035570460004
2018-06-04 09:00:00,12116.892287828745
2018-06-04 12:00:00,10859.309496535063
2018-06-04 15:00:00,12241.3658650127
2018-06-04 18:00:00,6299.376118838622
2018-06-04 21:00:00,1458.5196906558267
2018-06-05 00:00:00,10618.45750838306
2018-06-05 03:00:00,-136.31596273819906
2018-06-05 06:00:00,11707.294459789333
2018-06-05 09:00:00,6727.702703009093
2018-06-05 12:00:00,11835.749975346647
2018-06-05 15:00:00,6700.274916356531
2018-06-05 18:00:00,16068.933396058424
2018-06-05 21:00:00,16369.119672595618
2018-06-06 00:00:00,10895.37124610107
2018-06-06 03:00:00,13392.385003200126
2018-06-06 06:00:00,14277.658708604948
2018-06-06 09:00:00,15143.576906723894
2018-06-06 12:00:00,15486.456001213595
2018-06-06 15:00:00,2450.9502711952505
2018-06-06 18:00:00,12375.27158466267
2018-06-06 21:00:00,4113.8161677264525
2018-06-07 00:00:00,7881.074495233439
2018-06-07 03:00:00,13732.804290795155
2018-06-07 06:00:00,13747.803834015065
2018-06-07 09:00:00,1521.667925102801
2018-06-07 12:00:00,15789.21554302978
2018-06-07 15:00:00,13764.01104274422
2018-06-07 18:00:00,6599.45037016534
2018-06-07 21:00:00,12129.138606742932
2018-06-08 00:00:00,6550.014550465276
2018-06-08 03:00:00,11942.357160654452
2018-06-08 06:00:00,10410.06632359294
2018-06-08 09:00:00,7141.665544076144
2018-06-08 12:00:00,15036.073259988236
2018-06-08 15:00:00,13975.963193918902
2018-06-08 18:00:00,14314.382488743935
2018-06-08 21:00:00,11660.132019667933
2018-06-09 00:00:00,14367.231061074628
2018-06-09 03:00:00,1641.0150536429387
2018-06-09 06:00:00,12444.564016375805
2018-06-09 09:00:00,5850.050842688099
2018-06-09 12:00:00,9416.853373216598
2018-06-09 15:00:00,3766.196161317261
2018-06-09 18:00:00,12462.936362061986
2018-06-09 21:00:00,14013.581244619361
2018-06-10 00:00:00,13657.290843706574
2018-06-10 03:00:00,14125.456491217888
2018-06-10 06:00:00,11270.992969403143
2018-06-10 09:00:00,13091.059116806335
2018-06-10 12:00:00,11582.220111779761
2018-06-10 15:00:00,6267.870801663271
2018-06-10 18:00:00,12416.43464590236
2018-06-10 21:00:00,13734.73393119127
2018-06-11 00:00:00,12483.340495480548
2018-06-11 03:00:00,9029.332443932313
2018-06-11 06:00:00,10546.493680617114
2018-06-11 09:00:00,11760.912762634076
2018-06-11 12:00:00,7559.903212986867
2018-06-11 15:00:00,12327.57368427555
2018-06-11 18:00:00,10513.237503515458
2018-06-11 21:00:00,10211.057754246765
2018-06-12 00:00:00,13213.115409551147
2018-06-12 03:00:00,14263.417859913516
2018-06-12 06:00:00,10608.14259050845
2018-06-12 09:00:00,13885.39122529243
2018-06-12 12:00:00,10958.32726576926
2018-06-12 15:00:00,5643.216901227699
2018-06-12 18:00:00,6053.593073324066
2018-06-12 21:00:00,6886.354662506059
2018-06-13 00:00:00,6804.6488998278255
2018-06-13 03:00:00,5420.302086477629
2018-06-13 06:00:00,4209.2327588652515
2018-06-13 09:00:00,16388.40477547157
2018-06-13 12:00:00,12703.315641027591
2018-06-13 15:00:00,12739.55813756665
2018-06-13 18:00:00,11765.640221446578
2018-06-13 21:00:00,3943.759556172355
2018-06-14 00:00:00,14149.96096344835
2018-06-14 03:00:00,10994.063878213843
2018-06-14 06:00:00,11591.777473121218
2018-06-14 09:00:00,9169.876904146997
2018-06-14 12:00:00,10164.90426812803
2018-06-14 15:00:00,3532.6315760348866
2018-06-14 18:00:00,8305.704837257463
2018-06-14 21:00:00,16468.972675837955
2018-06-15 00:00:00,13304.59743583468
2018-06-15 03:00:00,4550.9837575501215
2018-06-15 06:00:00,8557.411453581042
2018-06-15 09:00:00,8384.907530952603
2018-06-15 12:00:00,11518.204413125792
2018-06-15 15:00:00,11734.534686425213
2018-06-15 18:00:00,19820.78540807912
2018-06-15 21:00:00,5398.269012713419
2018-06-16 00:00:00,7763.99141838748
2018-06-16 03:00:00,-2145.0727494190037
2018-06-16 06:00:00,9606.7376169645
2018-06-16 09:00:00,9146.619167559502
2018-06-16 12:00:00,14730.876435611837
2018-06-16 15:00:00,15237.675870925726
2018-06-16 18:00:00,8807.90293803873
2018-06-16 21:00:00,5906.191784501477
2018-06-17 00:00:00,11356.041073332945
2018-06-17 03:00:00,15499.80707919414
2018-06-17 06:00:00,12182.438603711973
2018-06-17 09:00:00,11148.257029354208
2018-06-17 12:00:00,10120.757858651905
2018-06-17 15:00:00,9085.535636448305
2018-06-17 18:00:00,9923.499745641378
2018-06-17 21:00:00,7392.138615492075
2018-06-18 00:00:00,17897.708854904857
2018-06-18 03:00:00,1783.3980398747663
2018-06-18 06:00:00,13550.449568030084
2018-06-18 09:00:00,15314.367199267252
2018-06-18 12:00:00,11012.295179183622
2018-06-18 15:00:00,11696.490989088175
2018-06-18 18:00:00,10482.196881216238
2018-06-18 21:00:00,9563.400199081256
2018-06-19 00:00:00,8873.355660134584
2018-06-19 03:00:00,8337.11834712663
2018-06-19 06:00:00,10093.979867608887
2018-06-19 09:00:00,10148.367474347273
2018-06-19 12:00:00,8112.654227215331
2018-06-19 15:00:00,5112.9161466517135
2018-06-19 18:00:00,12455.95992279486
2018-06-19 21:00:00,10453.69326659545
2018-06-20 00:00:00,13055.574989191844
2018-06-20 03:00:00,10458.598818069047
2018-06-20 06:00:00,11120.9496225899
2018-06-20 09:00:00,8943.416722560216
2018-06-20 12:00:00,9331.787947338364
2018-06-20 15:00:00,6263.414504761188
2018-06-20 18:00:00,9807.750532521368
2018-06-20 21:00:00,15350.925612989036
2018-06-21 00:00:00,19179.593519163696
2018-06-21 03:00:00,13954.199753289982
2018-06-21 06:00:00,7739.8113197050825
2018-06-21 09:00:00,9113.719573822536
2018-06-21 12:00:00,12168.004658753112
2018-06-21 15:00:00,7413.390289267502
2018-06-21 18:00:00,6485.167879010069
2018-06-21 21:00:00,12804.6068505621
2018-06-22 00:00:00,14884.801465524746
2018-06-22 03:00:00,15432.625357824461
2018-06-22 06:00:00,7865.625516485319
2018-06-22 09:00:00,11353.591994654453
2018-06-22 12:00:00,6645.670417720615
2018-06-22 15:00:00,14049.03741228997
2018-06-22 18:00:00,16170.526243218517
2018-06-22 21:00:00,12433.702673942913
2018-06-23 00:00:00,11549.168739687906
2018-06-23 03:00:00,11620.350506982608
2018-06-23 06:00:00,3427.0520308930213
2018-06-23 09:00:00,13064.097667820757
2018-06-23 12:00:00,13587.657040584696
2018-06-23 15:00:00,5941.162484688227
2018-06-23 18:00:00,12156.160591544536
2018-06-23 21:00:00,16083.327054814861
2018-06-24 00:00:00,12329.652114541324
2018-06-24 03:00:00,10611.035109383214
2018-06-24 06:00:00,13185.60017904871
2018-06-24 09:00:00,3885.8115331676327
2018-06-24 12:00:00,11094.292800458856
2018-06-24 15:00:00,12054.44998684179
2018-06-24 18:00:00,9530.845060429852
2018-06-24 21:00:00,13119.270069704544
2018-06-25 00:00:00,9609.801830836312
2018-06-25 03:00:00,10472.218606486524
2018-06-25 06:00:00,10930.9393995617
2018-06-25 09:00:00,15292.45943173289
2018-06-25 12:00:00,13819.73452092231
2018-06-25 15:00:00,13822.836458889977
2018-06-25 18:00:00,14948.852947567333
2018-06-25 21:00:00,13319.212924296868
2018-06-26 00:00:00,10653.20565416283
2018-06-26 03:00:00,14527.538766907745
2018-06-26 06:00:00,8272.251162391978
2018-06-26 09:00:00,13916.835802799758
2018-06-26 12:00:00,9869.797877484201
2018-06-26 15:00:00,13588.126127438196
2018-06-26 18:00:00,11339.786762301388
2018-06-26 21:00:00,8256.45176576464
2018-06-27 00:00:00,14147.124226401465
2018-06-27 03:00:00,10030.24314529892
2018-06-27 06:00:00,12227.809537570021
2018-06-27 09:00:00,10680.122601187733
2018-06-27 12:00:00,7479.150430567836
2018-06-27 15:00:00,10119.498391871377
2018-06-27 18:00:00,8013.5394359990505
2018-06-27 21:00:00,13479.599077812121
2018-06-28 00:00:00,12102.73805192191
2018-06-28 03:00:00,9316.364439295301
2018-06-28 06:00:00,9288.453659445036
2018-06-28 09:00:00,14375.27114053591
2018-06-28 12:00:00,13259.657038940972
2018-06-28 15:00:00,7616.0692780750605
2018-06-28 18:00:00,5075.5656083868535
2018-06-28 21:00:00,14006.263162266023
2018-06-29 00:00:00,9273.922206380554
2018-06-29 03:00:00,11753.316092164192
2018-06-29 06:00:00,13590.556577727335
2018-06-29 09:00:00,8949.92388568163
2018-06-29 12:00:00,11135.127006540188
2018-06-29 15:00:00,13644.678839591481
2018-06-29 18:00:00,8821.412590247157
2018-06-29 21:00:00,11277.544669798504
2018-06-30 00:00:00,14154.454787296507
2018-06-30 03:00:00,10060.115632622586
2018-06-30 06:00:00,8300.48417540081
2018-06-30 09:00:00,13196.484385073012
2018-06-30 12:00:00,8586.716655393433
2018-06-30 15:00:00,15695.626322402584
2018-06-30 18:00:00,5264.838093896725
2018-06-30 21:00:00,15342.075250592117
2018-07-01 00:00:00,9840.087549320724
2018-07-01 03:00:00,5772.8350476182995
2018-07-01 06:00:00,18709.87762341171
2018-07-01 09:00:00,8804.007225728988
2018-07-01 12:00:00,20079.935984027245
2018-07-01 15:00:00,6625.709124114587
2018-07-01 18:00:00,12354.850970615269
2018-07-01 21:00:00,16683.720180861314
2018-07-02 00:00:00,16245.58999453434
2018-07-02 03:00:00,4928.434753744366
2018-07-02 06:00:00,9784.806514256563
2018-07-02 09:00:00,10621.878559746627
2018-07-02 12:00:00,15193.26227949234
2018-07-02 15:00:00,11425.950417120182
2018-07-02 18:00:00,3954.8952529253233
2018-07-02 21:00:00,6320.34260996807
2018-07-03 00:00:00,13559.038629058246
2018-07-03 03:00:00,13569.550936984593
2018-07-03 06:00:00,5965.635996569994
2018-07-03 09:00:00,10125.326610650056
2018-07-03 12:00:00,6760.609420708574
2018-07-03 15:00:00,6359.283980927918
2018-07-03 18:00:00,7633.340112762951
2018-07-03 21:00:00,11249.767742908383
2018-07-04 00:00:00,7879.852236569325
2018-07-04 03:00:00,5192.961401133311
2018-07-04 06:00:00,14512.179500501656
2018-07-04 09:00:00,5414.815137416975
2018-07-04 12:00:00,1709.7881037367756
2018-07-04 15:00:00,6504.774477094343
2018-07-04 18:00:00,9523.146270473078
2018-07-04 21:00:00,13632.124606289668
2018-07-05 00:00:00,15246.237500791634
2018-07-05 03:00:00,11330.363376943811
2018-07-05 06:00:00,10332.878904185874
2018-07-05 09:00:00,17187.95887597528
2018-07-05 12:00:00,11708.973140103204
2018-07-05 15:00:00,9429.395691798478
2018-07-05 18:00:00,14132.866766026378
2018-07-05 21:00:00,13404.412402237815
2018-07-06 00:00:00,14747.04467307689
2018-07-06 03:00:00,8220.95171872354
2018-07-06 06:00:00,11254.85927135882
2018-07-06 09:00:00,13314.024040626264
2018-07-06 12:00:00,7239.237119025907
2018-07-06 15:00:00,4078.8371490273134
2018-07-06 18:00:00,7859.04950826472
2018-07-06 21:00:00,8649.779401394057
2018-07-07 00:00:00,13636.887464361167
2018-07-07 03:00:00,6122.32669062152
2018-07-07 06:00:00,13508.730320410828
2018-07-07 09:00:00,9017.841912882453
2018-07-07 12:00:00,10431.35481372192
2018-07-07 15:00:00,1279.9279961093655
2018-07-07 18:00:00,7874.29888648738
2018-07-07 21:00:00,5235.231971596101
2018-07-08 00:00:00,17542.875583854704
2018-07-08 03:00:00,14612.629605173664
2018-07-08 06:00:00,11353.162328717874
2018-07-08 09:00:00,15591.413184532892
2018-07-08 12:00:00,6762.69408352491
2018-07-08 15:00:00,8669.222390868796
2018-07-08 18:00:00,6680.961580342616
2018-07-08 21:00:00,14619.7733024372
2018-07-09 00:00:00,14627.247394435966
2018-07-09 03:00:00,11642.87718781079
2018-07-09 06:00:00,10531.70906615504
2018-07-09 09:00:00,14065.945599170764
2018-07-09 12:00:00,6495.036823195615
2018-07-09 15:00:00,9909.261901140855
2018-07-09 18:00:00,12092.81614229279
2018-07-09 21:00:00,5101.463621450958
2018-07-10 00:00:00,8347.509547392265
2018-07-10 03:00:00,13945.954380245867
2018-07-10 06:00:00,14840.957369550106
2018-07-10 09:00:00,14967.976970158123
2018-07-10 12:00:00,10188.152872936616
2018-07-10 15:00:00,9436.646617890143
2018-07-10 18:00:00,9960.521952621257
2018-07-10 21:00:00,15836.942242916504
2018-07-11 00:00:00,12812.252695465224
2018-07-11 03:00:00,7557.413026173796
2018-07-11 06:00:00,11748.94618259707
2018-07-11 09:00:00,10046.57127068757
2018-07-11 12:00:00,5242.906257113838
2018-07-11 15:00:00,9753.28213421978
2018-07-11 18:00:00,14597.605626940865
2018-07-11 21:00:00,13638.44859819124
2018-07-12 00:00:00,14753.701370577402
2018-07-12 03:00:00,10518.69301701054
2018-07-12 06:00:00,7970.531451822166
2018-07-12 09:00:00,7085.38224218641
2018-07-12 12:00:00,8962.715394950994
2018-07-12 15:00:00,9504.086258224903
2018-07-12 18:00:00,10028.327494946043
2018-07-12 21:00:00,8424.013637509895
2018-07-13 00:00:00,13523.942469808655
2018-07-13 03:00:00,16349.708766842172
2018-07-13 06:00:00,13747.56274452987
2018-07-13 09:00:00,13688.943826315879
2018-07-13 12:00:00,12488.49546090461
2018-07-13 15:00:00,15954.531497784308
2018-07-13 18:00:00,7145.171635218797
2018-07-13 21:00:00,15824.081359352884
2018-07-14 00:00:00,12919.969679628297
2018-07-14 03:00:00,8189.969596663105
2018-07-14 06:00:00,8592.912258872604
2018-07-14 09:00:00,15164.960685668186
2018-07-14 12:00:00,12820.269239973977
2018-07-14 15:00:00,9685.784328055499
2018-07-14 18:00:00,9390.682153012269
2018-07-14 21:00:00,10943.921806150578
2018-07-15 00:00:00,10105.63458507232
2018-07-15 03:00:00,11145.10208248033
2018-07-15 06:00:00,12854.432067003738
2018-07-15 09:00:00,8099.466760614777
2018-07-15 12:00:00,8270.334615260948
2018-07-15 15:00:00,7352.49974708057
2018-07-15 18:00:00,13736.874386187477
2018-07-15 21:00:00,1910.555243077319
2018-07-16 00:00:00,15785.458712372121
2018-07-16 03:00:00,16319.56032148179
2018-07-16 06:00:00,10176.147642588761
2018-07-16 09:00:00,12189.51618803264
2018-07-16 12:00:00,11914.674709681483
2018-07-16 15:00:00,11096.57808427278
2018-07-16 18:00:00,13320.949028802093
2018-07-16 21:00:00,4832.947907825636
2018-07-17 00:00:00,11672.422069113272
2018-07-17 03:00:00,11794.476144019975
2018-07-17 06:00:00,7765.364577141451
2018-07-17 09:00:00,11277.248804010664
2018-07-17 12:00:00,4567.661216811983
2018-07-17 15:00:00,10810.604608177895
2018-07-17 18:00:00,11597.02764155398
2018-07-17 21:00:00,6505.021023399876
2018-07-18 00:00:00,7857.067027443787
2018-07-18 03:00:00,10234.70215025637
2018-07-18 06:00:00,13454.597046497982
2018-07-18 09:00:00,11631.343614029882
2018-07-18 12:00:00,13243.554454559686
2018-07-18 15:00:00,14862.906637341224
2018-07-18 18:00:00,17208.183337532588
2018-07-18 21:00:00,9855.064875916729
2018-07-19 00:00:00,7960.5088553124015
2018-07-19 03:00:00,17855.794441210084
2018-07-19 06:00:00,14259.864836198736
2018-07-19 09:00:00,2865.0122273929537
2018-07-19 12:00:00,10655.041351901787
2018-07-19 15:00:00,16566.903553351174
2018-07-19 18:00:00,13107.819843835068
2018-07-19 21:00:00,13052.800379748238
2018-07-20 00:00:00,13557.008362346449
2018-07-20 03:00:00,12443.33923195695
2018-07-20 06:00:00,9274.355122988378
2018-07-20 09:00:00,13837.518716787217
2018-07-20 12:00:00,16777.59088516998
2018-07-20 15:00:00,11468.310186081215
2018-07-20 18:00:00,13901.950901397364
2018-07-20 21:00:00,15437.619780479503
2018-07-21 00:00:00,15948.478120989374
2018-07-21 03:00:00,8290.995728739657
2018-07-21 06:00:00,15389.737040712422
2018-07-21 09:00:00,8754.311038016689
2018-07-21 12:00:00,7518.84745509203
2018-07-21 15:00:00,13036.9196506742
2018-07-21 18:00:00,14299.18358450317
2018-07-21 21:00:00,8052.357863785991
2018-07-22 00:00:00,12742.446267284764
2018-07-22 03:00:00,9922.707696143203
2018-07-22 06:00:00,12206.913694209814
2018-07-22 09:00:00,12517.89627428813
2018-07-22 12:00:00,11911.42751971334
2018-07-22 15:00:00,11690.587247351947
2018-07-22 18:00:00,9632.659498988854
2018-07-22 21:00:00,15853.720902931496
2018-07-23 00:00:00,10392.424407043447
2018-07-23 03:00:00,5784.362395181505
2018-07-23 06:00:00,14236.479695464357
2018-07-23 09:00:00,10090.694054445361
2018-07-23 12:00:00,4540.0593057390115
2018-07-23 15:00:00,8403.007339944568
2018-07-23 18:00:00,11235.467527752668
2018-07-23 21:00:00,8373.553059021768
2018-07-24 00:00:00,13266.151884322891
2018-07-24 03:00:00,17855.94073368071
2018-07-24 06:00:00,10433.622367253009
2018-07-24 09:00:00,15369.022531887664
2018-07-24 12:00:00,9167.955823461618
2018-07-24 15:00:00,7232.312051878428
2018-07-24 18:00:00,8431.773924033274
2018-07-24 21:00:00,8593.475026071006
2018-07-25 00:00:00,17603.33067000763
2018-07-25 03:00:00,9978.90225621657
2018-07-25 06:00:00,8001.167884585167
2018-07-25 09:00:00,11629.258308653914
2018-07-25 12:00:00,5592.801534056852
2018-07-25 15:00:00,15224.64872352313
2018-07-25 18:00:00,16126.483669218587
2018-07-25 21:00:00,15934.780877982528
2018-07-26 00:00:00,13686.572527659135
2018-07-26 03:00:00,9757.540852012851
2018-07-26 06:00:00,7086.073401944164
2018-07-26 09:00:00,12307.803974769493
2018-07-26 12:00:00,12105.371377572565
2018-07-26 15:00:00,8451.769971616075
2018-07-26 18:00:00,10831.492162925706
2018-07-26 21:00:00,10787.41090229279
2018-07-27 00:00:00,15999.785334790398
2018-07-27 03:00:00,13043.804153959532
2018-07-27 06:00:00,4886.566859895348
2018-07-27 09:00:00,13026.95420051186
2018-07-27 12:00:00,7532.826971951473
2018-07-27 15:00:00,4463.549452511224
2018-07-27 18:00:00,15502.665388057323
2018-07-27 21:00:00,2159.863088486768
2018-07-28 00:00:00,5885.580704336201
2018-07-28 03:00:00,8709.977595848924
2018-07-28 06:00:00,9502.370096325767
2018-07-28 09:00:00,10401.106722492465
2018-07-28 12:00:00,13443.966894366937
2018-07-28 15:00:00,15627.939515849423
2018-07-28 18:00:00,6372.313319259215
2018-07-28 21:00:00,8129.485631811932
2018-07-29 00:00:00,14458.202776227392
2018-07-29 03:00:00,10062.722777295352
2018-07-29 06:00:00,17002.519631549254
2018-07-29 09:00:00,16538.012700095787
2018-07-29 12:00:00,8861.05612697783
2018-07-29 15:00:00,14461.191759657664
2018-07-29 18:00:00,11560.860776374353
2018-07-29 21:00:00,10333.689759257662
2018-07-30 00:00:00,8346.225492841542
2018-07-30 03:00:00,13115.377721896773
2018-07-30 06:00:00,15457.868344861254
2018-07-30 09:00:00,8253.944775536198
2018-07-30 12:00:00,15104.753628472921
2018-07-30 15:00:00,7645.434232797985
2018-07-30 18:00:00,7982.714444385126
2018-07-30 21:00:00,10716.631963846461
2018-07-31 00:00:00,17105.497508659126
2018-07-31 03:00:00,12683.904703011036
2018-07-31 06:00:00,13735.8118852873
2018-07-31 09:00:00,15325.472431726877
2018-07-31 12:00:00,8516.870771500984
2018-07-31 15:00:00,15628.549156857725
2018-07-31 18:00:00,13089.634500977063
2018-07-31 21:00:00,12290.043716041675
2018-08-01 00:00:00,15072.660768526404
2018-08-01 03:00:00,12767.337670670235
2018-08-01 06:00:00,5365.374889808216
2018-08-01 09:00:00,10436.474979008672
2018-08-01 12:00:00,11181.737389242417
2018-08-01 15:00:00,13971.574402284012
2018-08-01 18:00:00,10496.015075424802
2018-08-01 21:00:00,18841.55539540916
2018-08-02 00:00:00,8694.931885684027
2018-08-02 03:00:00,12839.747673612668
2018-08-02 06:00:00,13257.66022408727
2018-08-02 09:00:00,6410.337255916832
2018-08-02 12:00:00,5255.757153882842
2018-08-02 15:00:00,10599.727130599567
2018-08-02 18:00:00,7997.619493087482
2018-08-02 21:00:00,7586.8460952364685
2018-08-03 00:00:00,3386.452335064807
2018-08-03 03:00:00,7424.266003402801
2018-08-03 06:00:00,15389.047749307081
2018-08-03 09:00:00,8622.67733626777
2018-08-03 12:00:00,9769.262537273777
2018-08-03 15:00:00,13382.357744053077
2018-08-03 18:00:00,12517.035003925776
2018-08-03 21:00:00,5742.505327356536
2018-08-04 00:00:00,15585.690759068275
2018-08-04 03:00:00,9831.169149918518
2018-08-04 06:00:00,8684.238976522527
2018-08-04 09:00:00,8252.57046202394
2018-08-04 12:00:00,9455.965908787952
2018-08-04 15:00:00,11656.907508356915
2018-08-04 18:00:00,12244.313593737617
2018-08-04 21:00:00,13093.194182794852
2018-08-05 00:00:00,12657.686301373524
2018-08-05 03:00:00,12450.57065981929
2018-08-05 06:00:00,12144.853709922581
2018-08-05 09:00:00,13910.354952994072
2018-08-05 12:00:00,10746.929840962233
2018-08-05 15:00:00,11008.301863192573
2018-08-05 18:00:00,12906.605696854924
2018-08-05 21:00:00,13061.735838943809
2018-08-06 00:00:00,16472.242474524555
2018-08-06 03:00:00,13314.012239031988
2018-08-06 06:00:00,14574.817924600471
2018-08-06 09:00:00,15594.152343109412
2018-08-06 12:00:00,14648.135857583271
2018-08-06 15:00:00,11541.96758618212
2018-08-06 18:00:00,5518.178978075092
2018-08-06 21:00:00,13495.632976606968
2018-08-07 00:00:00,13028.312834195149
2018-08-07 03:00:00,14061.602917990402
2018-08-07 06:00:00,11187.246013065802
2018-08-07 09:00:00,12806.849159290452
2018-08-07 12:00:00,10408.977590279112
2018-08-07 15:00:00,7793.622449559885
2018-08-07 18:00:00,15089.717976071588
2018-08-07 21:00:00,8610.529896408612
2018-08-08 00:00:00,12895.91392653135
2018-08-08 03:00:00,
2018-08-08 06:00:00,
2018-08-08 09:00:00,
2018-08-08 12:00:00,
2018-08-08 15:00:00,
2018-08-08 18:00:00,
2018-08-08 21:00:00,
2018-08-09 00:00:00,
2018-08-09 03:00:00,
2018-08-09 06:00:00,
2018-08-09 09:00:00,
2018-08-09 12:00:00,
2018-08-09 15:00:00,
2018-08-09 18:00:00,
2018-08-09 21:00:00,
2018-08-10 00:00:00,
2018-08-10 03:00:00,
2018-08-10 06:00:00,
2018-08-10 09:00:00,
2018-08-10 12:00:00,
2018-08-10 15:00:00,
2018-08-10 18:00:00,
2018-08-10 21:00:00,
2018-08-11 00:00:00,
2018-08-11 03:00:00,
2018-08-11 06:00:00,
2018-08-11 09:00:00,
2018-08-11 12:00:00,
2018-08-11 15:00:00,
2018-08-11 18:00:00,
2018-08-11 21:00:00,
2018-08-12 00:00:00,
2018-08-12 03:00:00,
2018-08-12 06:00:00,
2018-08-12 09:00:00,
2018-08-12 12:00:00,
2018-08-12 15:00:00,
2018-08-12 18:00:00,
2018-08-12 21:00:00,
2018-08-13 00:00:00,
2018-08-13 03:00:00,
2018-08-13 06:00:00,
2018-08-13 09:00:00,
2018-08-13 12:00:00,
2018-08-13 15:00:00,
2018-08-13 18:00:00,
2018-08-13 21:00:00,
2018-08-14 00:00:00,
2018-08-14 03:00:00,
2018-08-14 06:00:00,
2018-08-14 09:00:00,
2018-08-14 12:00:00,
2018-08-14 15:00:00,
2018-08-14 18:00:00,
2018-08-14 21:00:00,
2018-08-15 00:00:00,
2018-08-15 03:00:00,
2018-08-15 06:00:00,
2018-08-15 09:00:00,
2018-08-15 12:00:00,
2018-08-15 15:00:00,
2018-08-15 18:00:00,
2018-08-15 21:00:00,
2018-08-16 00:00:00,
2018-08-16 03:00:00,
2018-08-16 06:00:00,
2018-08-16 09:00:00,
2018-08-16 12:00:00,
2018-08-16 15:00:00,
2018-08-16 18:00:00,
2018-08-16 21:00:00,
2018-08-17 00:00:00,
2018-08-17 03:00:00,
2018-08-17 06:00:00,
2018-08-17 09:00:00,
2018-08-17 12:00:00,
2018-08-17 15:00:00,
2018-08-17 18:00:00,
2018-08-17 21:00:00,
2018-08-18 00:00:00,
2018-08-18 03:00:00,
2018-08-18 06:00:00,
2018-08-18 09:00:00,
2018-08-18 12:00:00,
2018-08-18 15:00:00,
2018-08-18 18:00:00,
2018-08-18 21:00:00,
2018-08-19 00:00:00,
2018-08-19 03:00:00,
2018-08-19 06:00:00,
2018-08-19 09:00:00,
2018-08-19 12:00:00,
2018-08-19 15:00:00,
2018-08-19 18:00:00,
2018-08-19 21:00:00,
2018-08-20 00:00:00,
2018-08-20 03:00:00,
2018-08-20 06:00:00,
2018-08-20 09:00:00,
2018-08-20 12:00:00,
2018-08-20 15:00:00,
2018-08-20 18:00:00,
2018-08-20 21:00:00,
2018-08-21 00:00:00,
2018-08-21 03:00:00,
2018-08-21 06:00:00,
2018-08-21 09:00:00,
2018-08-21 12:00:00,
2018-08-21 15:00:00,
2018-08-21 18:00:00,
2018-08-21 21:00:00,
2018-08-22 00:00:00,
2018-08-22 03:00:00,
2018-08-22 06:00:00,
2018-08-22 09:00:00,
2018-08-22 12:00:00,
2018-08-22 15:00:00,
2018-08-22 18:00:00,
2018-08-22 21:00:00,
2018-08-23 00:00:00,
2018-08-23 03:00:00,
2018-08-23 06:00:00,
2018-08-23 09:00:00,
2018-08-23 12:00:00,
2018-08-23 15:00:00,
2018-08-23 18:00:00,
2018-08-23 21:00:00,
2018-08-24 00:00:00,
2018-08-24 03:00:00,
2018-08-24 06:00:00,
2018-08-24 09:00:00,
2018-08-24 12:00:00,
2018-08-24 15:00:00,
2018-08-24 18:00:00,
2018-08-24 21:00:00,
2018-08-25 00:00:00,
2018-08-25 03:00:00,
2018-08-25 06:00:00,
2018-08-25 09:00:00,
2018-08-25 12:00:00,
2018-08-25 15:00:00,
2018-08-25 18:00:00,
2018-08-25 21:00:00,
2018-08-26 00:00:00,
2018-08-26 03:00:00,
2018-08-26 06:00:00,
2018-08-26 09:00:00,
2018-08-26 12:00:00,
2018-08-26 15:00:00,
2018-08-26 18:00:00,
2018-08-26 21:00:00,
2018-08-27 00:00:00,
2018-08-27 03:00:00,
2018-08-27 06:00:00,
2018-08-27 09:00:00,
2018-08-27 12:00:00,
2018-08-27 15:00:00,
2018-08-27 18:00:00,
2018-08-27 21:00:00,
2018-08-28 00:00:00,
2018-08-28 03:00:00,
2018-08-28 06:00:00,
2018-08-28 09:00:00,
2018-08-28 12:00:00,
2018-08-28 15:00:00,
2018-08-28 18:00:00,
2018-08-28 21:00:00,
2018-08-29 00:00:00,
2018-08-29 03:00:00,
2018-08-29 06:00:00,
2018-08-29 09:00:00,
2018-08-29 12:00:00,
2018-08-29 15:00:00,
2018-08-29 18:00:00,
2018-08-29 21:00:00,
2018-08-30 00:00:00,
2018-08-30 03:00:00,
2018-08-30 06:00:00,
2018-08-30 09:00:00,
2018-08-30 12:00:00,
2018-08-30 15:00:00,
2018-08-30 18:00:00,
2018-08-30 21:00:00,
2018-08-31 00:00:00,
2018-08-31 03:00:00,
2018-08-31 06:00:00,
2018-08-31 09:00:00,
2018-08-31 12:00:00,
2018-08-31 15:00:00,
2018-08-31 18:00:00,
2018-08-31 21:00:00,
2018-09-01 00:00:00,
2018-09-01 03:00:00,
2018-09-01 06:00:00,
2018-09-01 09:00:00,
2018-09-01 12:00:00,
2018-09-01 15:00:00,
2018-09-01 18:00:00,
2018-09-01 21:00:00,
2018-09-02 00:00:00,
2018-09-02 03:00:00,
2018-09-02 06:00:00,
2018-09-02 09:00:00,
2018-09-02 12:00:00,
2018-09-02 15:00:00,
2018-09-02 18:00:00,
2018-09-02 21:00:00,
2018-09-03 00:00:00,
2018-09-03 03:00:00,
2018-09-03 06:00:00,
2018-09-03 09:00:00,
2018-09-03 12:00:00,
2018-09-03 15:00:00,
2018-09-03 18:00:00,
2018-09-03 21:00:00,
2018-09-04 00:00:00,
2018-09-04 03:00:00,
2018-09-04 06:00:00,
2018-09-04 09:00:00,
2018-09-04 12:00:00,
2018-09-04 15:00:00,
2018-09-04 18:00:00,
2018-09-04 21:00:00,
2018-09-05 00:00:00,
2018-09-05 03:00:00,
2018-09-05 06:00:00,
2018-09-05 09:00:00,
2018-09-05 12:00:00,
2018-09-05 15:00:00,
2018-09-05 18:00:00,
2018-09-05 21:00:00,
2018-09-06 00:00:00,
2018-09-06 03:00:00,
2018-09-06 06:00:00,
2018-09-06 09:00:00,
2018-09-06 12:00:00,
2018-09-06 15:00:00,
2018-09-06 18:00:00,
2018-09-06 21:00:00,
2018-09-07 00:00:00,
2018-09-07 03:00:00,
2018-09-07 06:00:00,
2018-09-07 09:00:00,
2018-09-07 12:00:00,
2018-09-07 15:00:00,
2018-09-07 18:00:00,
2018-09-07 21:00:00,
2018-09-08 00:00:00,
2018-09-08 03:00:00,
2018-09-08 06:00:00,
2018-09-08 09:00:00,
2018-09-08 12:00:00,
2018-09-08 15:00:00,
2018-09-08 18:00:00,
2018-09-08 21:00:00,
2018-09-09 00:00:00,
2018-09-09 03:00:00,
2018-09-09 06:00:00,
2018-09-09 09:00:00,
2018-09-09 12:00:00,
2018-09-09 15:00:00,
2018-09-09 18:00:00,
2018-09-09 21:00:00,
2018-09-10 00:00:00,
2018-09-10 03:00:00,
2018-09-10 06:00:00,
2018-09-10 09:00:00,
2018-09-10 12:00:00,
2018-09-10 15:00:00,
2018-09-10 18:00:00,
2018-09-10 21:00:00,
2018-09-11 00:00:00,
2018-09-11 03:00:00,
2018-09-11 06:00:00,
2018-09-11 09:00:00,
2018-09-11 12:00:00,
2018-09-11 15:00:00,
2018-09-11 18:00:00,
2018-09-11 21:00:00,
2018-09-12 00:00:00,
2018-09-12 03:00:00,
2018-09-12 06:00:00,
2018-09-12 09:00:00,
2018-09-12 12:00:00,
2018-09-12 15:00:00,
2018-09-12 18:00:00,
2018-09-12 21:00:00,
2018-09-13 00:00:00,
2018-09-13 03:00:00,
2018-09-13 06:00:00,
2018-09-13 09:00:00,
2018-09-13 12:00:00,
2018-09-13 15:00:00,
2018-09-13 18:00:00,
2018-09-13 21:00:00,
2018-09-14 00:00:00,
2018-09-14 03:00:00,
2018-09-14 06:00:00,
2018-09-14 09:00:00,
2018-09-14 12:00:00,
2018-09-14 15:00:00,
2018-09-14 18:00:00,
2018-09-14 21:00:00,
2018-09-15 00:00:00,
2018-09-15 03:00:00,
2018-09-15 06:00:00,
2018-09-15 09:00:00,
2018-09-15 12:00:00,
2018-09-15 15:00:00,
2018-09-15 18:00:00,
2018-09-15 21:00:00,
2018-09-16 00:00:00,
2018-09-16 03:00:00,
2018-09-16 06:00:00,
2018-09-16 09:00:00,
2018-09-16 12:00:00,
2018-09-16 15:00:00,
2018-09-16 18:00:00,
2018-09-16 21:00:00,
2018-09-17 00:00:00,
2018-09-17 03:00:00,
2018-09-17 06:00:00,
2018-09-17 09:00:00,
2018-09-17 12:00:00,
2018-09-17 15:00:00,
2018-09-17 18:00:00,
2018-09-17 21:00:00,
2018-09-18 00:00:00,
2018-09-18 03:00:00,
2018-09-18 06:00:00,
2018-09-18 09:00:00,
2018-09-18 12:00:00,
2018-09-18 15:00:00,
2018-09-18 18:00:00,
2018-09-18 21:00:00,
2018-09-19 00:00:00,
2018-09-19 03:00:00,
2018-09-19 06:00:00,
2018-09-19 09:00:00,
2018-09-19 12:00:00,
2018-09-19 15:00:00,
2018-09-19 18:00:00,
2018-09-19 21:00:00,
2018-09-20 00:00:00,
2018-09-20 03:00:00,
2018-09-20 06:00:00,
2018-09-20 09:00:00,
2018-09-20 12:00:00,
2018-09-20 15:00:00,
2018-09-20 18:00:00,
2018-09-20 21:00:00,
2018-09-21 00:00:00,
2018-09-21 03:00:00,
2018-09-21 06:00:00,
2018-09-21 09:00:00,
2018-09-21 12:00:00,
2018-09-21 15:00:00,
2018-09-21 18:00:00,
2018-09-21 21:00:00,
2018-09-22 00:00:00,
2018-09-22 03:00:00,
2018-09-22 06:00:00,
2018-09-22 09:00:00,
2018-09-22 12:00:00,
2018-09-22 15:00:00,
2018-09-22 18:00:00,
2018-09-22 21:00:00,
2018-09-23 00:00:00,
2018-09-23 03:00:00,
2018-09-23 06:00:00,
2018-09-23 09:00:00,
2018-09-23 12:00:00,
2018-09-23 15:00:00,
2018-09-23 18:00:00,
2018-09-23 21:00:00,
2018-09-24 00:00:00,
2018-09-24 03:00:00,
2018-09-24 06:00:00,
2018-09-24 09:00:00,
2018-09-24 12:00:00,
2018-09-24 15:00:00,
2018-09-24 18:00:00,
2018-09-24 21:00:00,
2018-09-25 00:00:00,
2018-09-25 03:00:00,
2018-09-25 06:00:00,
2018-09-25 09:00:00,
2018-09-25 12:00:00,
2018-09-25 15:00:00,
2018-09-25 18:00:00,
2018-09-25 21:00:00,
2018-09-26 00:00:00,
2018-09-26 03:00:00,
2018-09-26 06:00:00,
2018-09-26 09:00:00,
2018-09-26 12:00:00,
2018-09-26 15:00:00,
2018-09-26 18:00:00,
2018-09-26 21:00:00,
2018-09-27 00:00:00,
2018-09-27 03:00:00,
2018-09-27 06:00:00,
2018-09-27 09:00:00,
2018-09-27 12:00:00,
2018-09-27 15:00:00,
2018-09-27 18:00:00,
2018-09-27 21:00:00,
2018-09-28 00:00:00,
2018-09-28 03:00:00,
2018-09-28 06:00:00,
2018-09-28 09:00:00,
2018-09-28 12:00:00,
2018-09-28 15:00:00,
2018-09-28 18:00:00,
2018-09-28 21:00:00,
2018-09-29 00:00:00,
2018-09-29 03:00:00,
2018-09-29 06:00:00,
2018-09-29 09:00:00,
2018-09-29 12:00:00,
2018-09-29 15:00:00,
2018-09-29 18:00:00,
2018-09-29 21:00:00,
2018-09-30 00:00:00,
2018-09-30 03:00:00,
2018-09-30 06:00:00,
2018-09-30 09:00:00,
2018-09-30 12:00:00,
2018-09-30 15:00:00,
2018-09-30 18:00:00,
2018-09-30 21:00:00,
2018-10-01 00:00:00,
2018-10-01 03:00:00,
2018-10-01 06:00:00,
2018-10-01 09:00:00,
2018-10-01 12:00:00,
2018-10-01 15:00:00,
2018-10-01 18:00:00,
2018-10-01 21:00:00,
2018-10-02 00:00:00,
2018-10-02 03:00:00,
2018-10-02 06:00:00,
2018-10-02 09:00:00,
2018-10-02 12:00:00,
2018-10-02 15:00:00,
2018-10-02 18:00:00,
2018-10-02 21:00:00,
2018-10-03 00:00:00,
2018-10-03 03:00:00,
2018-10-03 06:00:00,
2018-10-03 09:00:00,
2018-10-03 12:00:00,
2018-10-03 15:00:00,
2018-10-03 18:00:00,
2018-10-03 21:00:00,
2018-10-04 00:00:00,
2018-10-04 03:00:00,
2018-10-04 06:00:00,
2018-10-04 09:00:00,
2018-10-04 12:00:00,
2018-10-04 15:00:00,
2018-10-04 18:00:00,
2018-10-04 21:00:00,
2018-10-05 00:00:00,
2018-10-05 03:00:00,
2018-10-05 06:00:00,
2018-10-05 09:00:00,
2018-10-05 12:00:00,
2018-10-05 15:00:00,
2018-10-05 18:00:00,
2018-10-05 21:00:00,
2018-10-06 00:00:00,
2018-10-06 03:00:00,
2018-10-06 06:00:00,
2018-10-06 09:00:00,
2018-10-06 12:00:00,
2018-10-06 15:00:00,
2018-10-06 18:00:00,
2018-10-06 21:00:00,
2018-10-07 00:00:00,
2018-10-07 03:00:00,
2018-10-07 06:00:00,
2018-10-07 09:00:00,
2018-10-07 12:00:00,
2018-10-07 15:00:00,
2018-10-07 18:00:00,
2018-10-07 21:00:00,
2018-10-08 00:00:00,
2018-10-08 03:00:00,
2018-10-08 06:00:00,
2018-10-08 09:00:00,
2018-10-08 12:00:00,
2018-10-08 15:00:00,
2018-10-08 18:00:00,
2018-10-08 21:00:00,
2018-10-09 00:00:00,
2018-10-09 03:00:00,
2018-10-09 06:00:00,
2018-10-09 09:00:00,
2018-10-09 12:00:00,
2018-10-09 15:00:00,
2018-10-09 18:00:00,
2018-10-09 21:00:00,
2018-10-10 00:00:00,
2018-10-10 03:00:00,
2018-10-10 06:00:00,
2018-10-10 09:00:00,
2018-10-10 12:00:00,
2018-10-10 15:00:00,
2018-10-10 18:00:00,
2018-10-10 21:00:00,
2018-10-11 00:00:00,
2018-10-11 03:00:00,
2018-10-11 06:00:00,
2018-10-11 09:00:00,
2018-10-11 12:00:00,
2018-10-11 15:00:00,
2018-10-11 18:00:00,
2018-10-11 21:00:00,
2018-10-12 00:00:00,
2018-10-12 03:00:00,
2018-10-12 06:00:00,
2018-10-12 09:00:00,
2018-10-12 12:00:00,
2018-10-12 15:00:00,
2018-10-12 18:00:00,
2018-10-12 21:00:00,
2018-10-13 00:00:00,
2018-10-13 03:00:00,
2018-10-13 06:00:00,
2018-10-13 09:00:00,
2018-10-13 12:00:00,
2018-10-13 15:00:00,
2018-10-13 18:00:00,
2018-10-13 21:00:00,
2018-10-14 00:00:00,
2018-10-14 03:00:00,
2018-10-14 06:00:00,
2018-10-14 09:00:00,
2018-10-14 12:00:00,
2018-10-14 15:00:00,
2018-10-14 18:00:00,
2018-10-14 21:00:00,
2018-10-15 00:00:00,
2018-10-15 03:00:00,
2018-10-15 06:00:00,
2018-10-15 09:00:00,
2018-10-15 12:00:00,
2018-10-15 15:00:00,
2018-10-15 18:00:00,
2018-10-15 21:00:00,
2018-10-16 00:00:00,
2018-10-16 03:00:00,
2018-10-16 06:00:00,
2018-10-16 09:00:00,
2018-10-16 12:00:00,
2018-10-16 15:00:00,
2018-10-16 18:00:00,
2018-10-16 21:00:00,
2018-10-17 00:00:00,
2018-10-17 03:00:00,
2018-10-17 06:00:00,
2018-10-17 09:00:00,
2018-10-17 12:00:00,
2018-10-17 15:00:00,
2018-10-17 18:00:00,
2018-10-17 21:00:00,
2018-10-18 00:00:00,
2018-10-18 03:00:00,
2018-10-18 06:00:00,
2018-10-18 09:00:00,
2018-10-18 12:00:00,
2018-10-18 15:00:00,
2018-10-18 18:00:00,
2018-10-18 21:00:00,
2018-10-19 00:00:00,
2018-10-19 03:00:00,
2018-10-19 06:00:00,
2018-10-19 09:00:00,
2018-10-19 12:00:00,
2018-10-19 15:00:00,
2018-10-19 18:00:00,
2018-10-19 21:00:00,
2018-10-20 00:00:00,
2018-10-20 03:00:00,
2018-10-20 06:00:00,
2018-10-20 09:00:00,
2018-10-20 12:00:00,
2018-10-20 15:00:00,
2018-10-20 18:00:00,
2018-10-20 21:00:00,
2018-10-21 00:00:00,
2018-10-21 03:00:00,
2018-10-21 06:00:00,
2018-10-21 09:00:00,
2018-10-21 12:00:00,
2018-10-21 15:00:00,
2018-10-21 18:00:00,
2018-10-21 21:00:00,
2018-10-22 00:00:00,
2018-10-22 03:00:00,
2018-10-22 06:00:00,
2018-10-22 09:00:00,
2018-10-22 12:00:00,
2018-10-22 15:00:00,
2018-10-22 18:00:00,
2018-10-22 21:00:00,
2018-10-23 00:00:00,
2018-10-23 03:00:00,
2018-10-23 06:00:00,
2018-10-23 09:00:00,
2018-10-23 12:00:00,
2018-10-23 15:00:00,
2018-10-23 18:00:00,
2018-10-23 21:00:00,
2018-10-24 00:00:00,
2018-10-24 03:00:00,
2018-10-24 06:00:00,
2018-10-24 09:00:00,
2018-10-24 12:00:00,
2018-10-24 15:00:00,
2018-10-24 18:00:00,
2018-10-24 21:00:00,
2018-10-25 00:00:00,
2018-10-25 03:00:00,
2018-10-25 06:00:00,
2018-10-25 09:00:00,
2018-10-25 12:00:00,
2018-10-25 15:00:00,
2018-10-25 18:00:00,
2018-10-25 21:00:00,
2018-10-26 00:00:00,
2018-10-26 03:00:00,
2018-10-26 06:00:00,
2018-10-26 09:00:00,
2018-10-26 12:00:00,
2018-10-26 15:00:00,
2018-10-26 18:00:00,
2018-10-26 21:00:00,
2018-10-27 00:00:00,
2018-10-27 03:00:00,
2018-10-27 06:00:00,
2018-10-27 09:00:00,
2018-10-27 12:00:00,
2018-10-27 15:00:00,
2018-10-27 18:00:00,
2018-10-27 21:00:00,
2018-10-28 00:00:00,
2018-10-28 03:00:00,
2018-10-28 06:00:00,
2018-10-28 09:00:00,
2018-10-28 12:00:00,
2018-10-28 15:00:00,
2018-10-28 18:00:00,
2018-10-28 21:00:00,
2018-10-29 00:00:00,
2018-10-29 03:00:00,
2018-10-29 06:00:00,
2018-10-29 09:00:00,
2018-10-29 12:00:00,
2018-10-29 15:00:00,
2018-10-29 18:00:00,
2018-10-29 21:00:00,
2018-10-30 00:00:00,
2018-10-30 03:00:00,
2018-10-30 06:00:00,
2018-10-30 09:00:00,
2018-10-30 12:00:00,
2018-10-30 15:00:00,
2018-10-30 18:00:00,
2018-10-30 21:00:00,
2018-10-31 00:00:00,
2018-10-31 03:00:00,
2018-10-31 06:00:00,
2018-10-31 09:00:00,
2018-10-31 12:00:00,
2018-10-31 15:00:00,
2018-10-31 18:00:00,
2018-10-31 21:00:00,
2018-11-01 00:00:00,
2018-11-01 03:00:00,
2018-11-01 06:00:00,
2018-11-01 09:00:00,
2018-11-01 12:00:00,
2018-11-01 15:00:00,
2018-11-01 18:00:00,
2018-11-01 21:00:00,
2018-11-02 00:00:00,
2018-11-02 03:00:00,
2018-11-02 06:00:00,
2018-11-02 09:00:00,
2018-11-02 12:00:00,
2018-11-02 15:00:00,
2018-11-02 18:00:00,
2018-11-02 21:00:00,
2018-11-03 00:00:00,
2018-11-03 03:00:00,
2018-11-03 06:00:00,
2018-11-03 09:00:00,
2018-11-03 12:00:00,
2018-11-03 15:00:00,
2018-11-03 18:00:00,
2018-11-03 21:00:00,
2018-11-04 00:00:00,
2018-11-04 03:00:00,
2018-11-04 06:00:00,
2018-11-04 09:00:00,
2018-11-04 12:00:00,
2018-11-04 15:00:00,
2018-11-04 18:00:00,
2018-11-04 21:00:00,
2018-11-05 00:00:00,
2018-11-05 03:00:00,
2018-11-05 06:00:00,
2018-11-05 09:00:00,
2018-11-05 12:00:00,
2018-11-05 15:00:00,
2018-11-05 18:00:00,
2018-11-05 21:00:00,
2018-11-06 00:00:00,
2018-11-06 03:00:00,
2018-11-06 06:00:00,
2018-11-06 09:00:00,
2018-11-06 12:00:00,
2018-11-06 15:00:00,
2018-11-06 18:00:00,
2018-11-06 21:00:00,
2018-11-07 00:00:00,
2018-11-07 03:00:00,
2018-11-07 06:00:00,
2018-11-07 09:00:00,
2018-11-07 12:00:00,
2018-11-07 15:00:00,
2018-11-07 18:00:00,
2018-11-07 21:00:00,
2018-11-08 00:00:00,
2018-11-08 03:00:00,
2018-11-08 06:00:00,
2018-11-08 09:00:00,
2018-11-08 12:00:00,
2018-11-08 15:00:00,
2018-11-08 18:00:00,
2018-11-08 21:00:00,
2018-11-09 00:00:00,
2018-11-09 03:00:00,
2018-11-09 06:00:00,
2018-11-09 09:00:00,
2018-11-09 12:00:00,
2018-11-09 15:00:00,
2018-11-09 18:00:00,
2018-11-09 21:00:00,
2018-11-10 00:00:00,
2018-11-10 03:00:00,
2018-11-10 06:00:00,
2018-11-10 09:00:00,
2018-11-10 12:00:00,
2018-11-10 15:00:00,
2018-11-10 18:00:00,
2018-11-10 21:00:00,
2018-11-11 00:00:00,
2018-11-11 03:00:00,
2018-11-11 06:00:00,
2018-11-11 09:00:00,
2018-11-11 12:00:00,
2018-11-11 15:00:00,
2018-11-11 18:00:00,
2018-11-11 21:00:00,
2018-11-12 00:00:00,
2018-11-12 03:00:00,
2018-11-12 06:00:00,
2018-11-12 09:00:00,
2018-11-12 12:00:00,
2018-11-12 15:00:00,
2018-11-12 18:00:00,
2018-11-12 21:00:00,
2018-11-13 00:00:00,
2018-11-13 03:00:00,
2018-11-13 06:00:00,
2018-11-13 09:00:00,
2018-11-13 12:00:00,
2018-11-13 15:00:00,
2018-11-13 18:00:00,
2018-11-13 21:00:00,
2018-11-14 00:00:00,
2018-11-14 03:00:00,
2018-11-14 06:00:00,
2018-11-14 09:00:00,
2018-11-14 12:00:00,
2018-11-14 15:00:00,
2018-11-14 18:00:00,
2018-11-14 21:00:00,
2018-11-15 00:00:00,
2018-11-15 03:00:00,
2018-11-15 06:00:00,
2018-11-15 09:00:00,
2018-11-15 12:00:00,
2018-11-15 15:00:00,
2018-11-15 18:00:00,
2018-11-15 21:00:00,
2018-11-16 00:00:00,
2018-11-16 03:00:00,
2018-11-16 06:00:00,
2018-11-16 09:00:00,
2018-11-16 12:00:00,
2018-11-16 15:00:00,
2018-11-16 18:00:00,
2018-11-16 21:00:00,
2018-11-17 00:00:00,
2018-11-17 03:00:00,
2018-11-17 06:00:00,
2018-11-17 09:00:00,
2018-11-17 12:00:00,
2018-11-17 15:00:00,
2018-11-17 18:00:00,
2018-11-17 21:00:00,
2018-11-18 00:00:00,
2018-11-18 03:00:00,
2018-11-18 06:00:00,
2018-11-18 09:00:00,
2018-11-18 12:00:00,
2018-11-18 15:00:00,
2018-11-18 18:00:00,
2018-11-18 21:00:00,
2018-11-19 00:00:00,
2018-11-19 03:00:00,
2018-11-19 06:00:00,
2018-11-19 09:00:00,
2018-11-19 12:00:00,
2018-11-19 15:00:00,
2018-11-19 18:00:00,
2018-11-19 21:00:00,
2018-11-20 00:00:00,
2018-11-20 03:00:00,
2018-11-20 06:00:00,
2018-11-20 09:00:00,
2018-11-20 12:00:00,
2018-11-20 15:00:00,
2018-11-20 18:00:00,
2018-11-20 21:00:00,
2018-11-21 00:00:00,
2018-11-21 03:00:00,
2018-11-21 06:00:00,
2018-11-21 09:00:00,
2018-11-21 12:00:00,
2018-11-21 15:00:00,
2018-11-21 18:00:00,
2018-11-21 21:00:00,
2018-11-22 00:00:00,
2018-11-22 03:00:00,
2018-11-22 06:00:00,
2018-11-22 09:00:00,
2018-11-22 12:00:00,
2018-11-22 15:00:00,
2018-11-22 18:00:00,
2018-11-22 21:00:00,
2018-11-23 00:00:00,
2018-11-23 03:00:00,
2018-11-23 06:00:00,
2018-11-23 09:00:00,
2018-11-23 12:00:00,
2018-11-23 15:00:00,
2018-11-23 18:00:00,
2018-11-23 21:00:00,
2018-11-24 00:00:00,
2018-11-24 03:00:00,
2018-11-24 06:00:00,
2018-11-24 09:00:00,
2018-11-24 12:00:00,
2018-11-24 15:00:00,
2018-11-24 18:00:00,
2018-11-24 21:00:00,
2018-11-25 00:00:00,
2018-11-25 03:00:00,
2018-11-25 06:00:00,
2018-11-25 09:00:00,
2018-11-25 12:00:00,
2018-11-25 15:00:00,
2018-11-25 18:00:00,
2018-11-25 21:00:00,
2018-11-26 00:00:00,
2018-11-26 03:00:00,
2018-11-26 06:00:00,
2018-11-26 09:00:00,
2018-11-26 12:00:00,
2018-11-26 15:00:00,
2018-11-26 18:00:00,
2018-11-26 21:00:00,
2018-11-27 00:00:00,
2018-11-27 03:00:00,
2018-11-27 06:00:00,
2018-11-27 09:00:00,
2018-11-27 12:00:00,
2018-11-27 15:00:00,
2018-11-27 18:00:00,
2018-11-27 21:00:00,
2018-11-28 00:00:00,
2018-11-28 03:00:00,
2018-11-28 06:00:00,
2018-11-28 09:00:00,
2018-11-28 12:00:00,
2018-11-28 15:00:00,
2018-11-28 18:00:00,
2018-11-28 21:00:00,
2018-11-29 00:00:00,
2018-11-29 03:00:00,
2018-11-29 06:00:00,
2018-11-29 09:00:00,
2018-11-29 12:00:00,
2018-11-29 15:00:00,
2018-11-29 18:00:00,
2018-11-29 21:00:00,
2018-11-30 00:00:00,
2018-11-30 03:00:00,
2018-11-30 06:00:00,
2018-11-30 09:00:00,
2018-11-30 12:00:00,
2018-11-30 15:00:00,
2018-11-30 18:00:00,
2018-11-30 21:00:00,
2018-12-01 00:00:00,
2018-12-01 03:00:00,
2018-12-01 06:00:00,
2018-12-01 09:00:00,
2018-12-01 12:00:00,
2018-12-01 15:00:00,
2018-12-01 18:00:00,
2018-12-01 21:00:00,
2018-12-02 00:00:00,
2018-12-02 03:00:00,
2018-12-02 06:00:00,
2018-12-02 09:00:00,
2018-12-02 12:00:00,
2018-12-02 15:00:00,
2018-12-02 18:00:00,
2018-12-02 21:00:00,
2018-12-03 00:00:00,
2018-12-03 03:00:00,
2018-12-03 06:00:00,
2018-12-03 09:00:00,
2018-12-03 12:00:00,
2018-12-03 15:00:00,
2018-12-03 18:00:00,
2018-12-03 21:00:00,
2018-12-04 00:00:00,
2018-12-04 03:00:00,
2018-12-04 06:00:00,
2018-12-04 09:00:00,
2018-12-04 12:00:00,
2018-12-04 15:00:00,
2018-12-04 18:00:00,
2018-12-04 21:00:00,
2018-12-05 00:00:00,
2018-12-05 03:00:00,
2018-12-05 06:00:00,
2018-12-05 09:00:00,
2018-12-05 12:00:00,
2018-12-05 15:00:00,
2018-12-05 18:00:00,
2018-12-05 21:00:00,
2018-12-06 00:00:00,
2018-12-06 03:00:00,
2018-12-06 06:00:00,
2018-12-06 09:00:00,
2018-12-06 12:00:00,
2018-12-06 15:00:00,
2018-12-06 18:00:00,
2018-12-06 21:00:00,
2018-12-07 00:00:00,
2018-12-07 03:00:00,
2018-12-07 06:00:00,
2018-12-07 09:00:00,
2018-12-07 12:00:00,
2018-12-07 15:00:00,
2018-12-07 18:00:00,
2018-12-07 21:00:00,
2018-12-08 00:00:00,
2018-12-08 03:00:00,
2018-12-08 06:00:00,
2018-12-08 09:00:00,
2018-12-08 12:00:00,
2018-12-08 15:00:00,
2018-12-08 18:00:00,
2018-12-08 21:00:00,
2018-12-09 00:00:00,
2018-12-09 03:00:00,
2018-12-09 06:00:00,
2018-12-09 09:00:00,
2018-12-09 12:00:00,
2018-12-09 15:00:00,
2018-12-09 18:00:00,
2018-12-09 21:00:00,
2018-12-10 00:00:00,
2018-12-10 03:00:00,
2018-12-10 06:00:00,
2018-12-10 09:00:00,
2018-12-10 12:00:00,
2018-12-10 15:00:00,
2018-12-10 18:00:00,
2018-12-10 21:00:00,
2018-12-11 00:00:00,
2018-12-11 03:00:00,
2018-12-11 06:00:00,
2018-12-11 09:00:00,
2018-12-11 12:00:00,
2018-12-11 15:00:00,
2018-12-11 18:00:00,
2018-12-11 21:00:00,
2018-12-12 00:00:00,
2018-12-12 03:00:00,
2018-12-12 06:00:00,
2018-12-12 09:00:00,
2018-12-12 12:00:00,
2018-12-12 15:00:00,
2018-12-12 18:00:00,
2018-12-12 21:00:00,
2018-12-13 00:00:00,
2018-12-13 03:00:00,
2018-12-13 06:00:00,
2018-12-13 09:00:00,
2018-12-13 12:00:00,
2018-12-13 15:00:00,
2018-12-13 18:00:00,
2018-12-13 21:00:00,
2018-12-14 00:00:00,
2018-12-14 03:00:00,
2018-12-14 06:00:00,
2018-12-14 09:00:00,
2018-12-14 12:00:00,
2018-12-14 15:00:00,
2018-12-14 18:00:00,
2018-12-14 21:00:00,
2018-12-15 00:00:00,
2018-12-15 03:00:00,
2018-12-15 06:00:00,
2018-12-15 09:00:00,
2018-12-15 12:00:00,
2018-12-15 15:00:00,
2018-12-15 18:00:00,
2018-12-15 21:00:00,
2018-12-16 00:00:00,
2018-12-16 03:00:00,
2018-12-16 06:00:00,
2018-12-16 09:00:00,
2018-12-16 12:00:00,
2018-12-16 15:00:00,
2018-12-16 18:00:00,
2018-12-16 21:00:00,
2018-12-17 00:00:00,
2018-12-17 03:00:00,
2018-12-17 06:00:00,
2018-12-17 09:00:00,
2018-12-17 12:00:00,
2018-12-17 15:00:00,
2018-12-17 18:00:00,
2018-12-17 21:00:00,
2018-12-18 00:00:00,
2018-12-18 03:00:00,
2018-12-18 06:00:00,
2018-12-18 09:00:00,
2018-12-18 12:00:00,
2018-12-18 15:00:00,
2018-12-18 18:00:00,
2018-12-18 21:00:00,
2018-12-19 00:00:00,
2018-12-19 03:00:00,
2018-12-19 06:00:00,
2018-12-19 09:00:00,
2018-12-19 12:00:00,
2018-12-19 15:00:00,
2018-12-19 18:00:00,
2018-12-19 21:00:00,
2018-12-20 00:00:00,
2018-12-20 03:00:00,
2018-12-20 06:00:00,
2018-12-20 09:00:00,
2018-12-20 12:00:00,
2018-12-20 15:00:00,
2018-12-20 18:00:00,
2018-12-20 21:00:00,
2018-12-21 00:00:00,
2018-12-21 03:00:00,
2018-12-21 06:00:00,
2018-12-21 09:00:00,
2018-12-21 12:00:00,
2018-12-21 15:00:00,
2018-12-21 18:00:00,
2018-12-21 21:00:00,
2018-12-22 00:00:00,
2018-12-22 03:00:00,
2018-12-22 06:00:00,
2018-12-22 09:00:00,
2018-12-22 12:00:00,
2018-12-22 15:00:00,
2018-12-22 18:00:00,
2018-12-22 21:00:00,
2018-12-23 00:00:00,
2018-12-23 03:00:00,
2018-12-23 06:00:00,
2018-12-23 09:00:00,
2018-12-23 12:00:00,
2018-12-23 15:00:00,
2018-12-23 18:00:00,
2018-12-23 21:00:00,
2018-12-24 00:00:00,
2018-12-24 03:00:00,
2018-12-24 06:00:00,
2018-12-24 09:00:00,
2018-12-24 12:00:00,
2018-12-24 15:00:00,
2018-12-24 18:00:00,
2018-12-24 21:00:00,
2018-12-25 00:00:00,
2018-12-25 03:00:00,
2018-12-25 06:00:00,
2018-12-25 09:00:00,
2018-12-25 12:00:00,
2018-12-25 15:00:00,
2018-12-25 18:00:00,
2018-12-25 21:00:00,
2018-12-26 00:00:00,
2018-12-26 03:00:00,
2018-12-26 06:00:00,
2018-12-26 09:00:00,
2018-12-26 12:00:00,
2018-12-26 15:00:00,
2018-12-26 18:00:00,
2018-12-26 21:00:00,
2018-12-27 00:00:00,
2018-12-27 03:00:00,
2018-12-27 06:00:00,
2018-12-27 09:00:00,
2018-12-27 12:00:00,
2018-12-27 15:00:00,
2018-12-27 18:00:00,
2018-12-27 21:00:00,
2018-12-28 00:00:00,
2018-12-28 03:00:00,
2018-12-28 06:00:00,
2018-12-28 09:00:00,
2018-12-28 12:00:00,
2018-12-28 15:00:00,
2018-12-28 18:00:00,
2018-12-28 21:00:00,
2018-12-29 00:00:00,
2018-12-29 03:00:00,
2018-12-29 06:00:00,
2018-12-29 09:00:00,
2018-12-29 12:00:00,
2018-12-29 15:00:00,
2018-12-29 18:00:00,
2018-12-29 21:00:00,
2018-12-30 00:00:00,
2018-12-30 03:00:00,
2018-12-30 06:00:00,
2018-12-30 09:00:00,
2018-12-30 12:00:00,
2018-12-30 15:00:00,
2018-12-30 18:00:00,
2018-12-30 21:00:00,
2018-12-31 00:00:00,
2018-12-31 03:00:00,
2018-12-31 06:00:00,
2018-12-31 09:00:00,
2018-12-31 12:00:00,
2018-12-31 15:00:00,
2018-12-31 18:00:00,
2018-12-31 21:00:00,
